"","ewp_name","risk.2024and2025.from2023","rank.2024and2025.from2023","risk.2024only.from2023","riskrank.2024only.from2023","risk.2023and2024.from2022","rank.2023and2024.from2022","widetargeting","narrowtargeting","womencivsoc","govcensorship","partyban.new.0","partyban.new.1","partyban.new.2","minorityrule","judicialreform","religiousfreedom","pol_killing_approved","freediscussion","social_inequality","even_civilrights","repress_civilsoc","social_power_dist","ses_power_dist","wdi.popsize.log2.combined","wdi.gdppcgrow.new.combined","wdi.trade.new.log2.combined","un_imr_sqrt","efindex","discrimpop","reg.na","reg.eap","reg.sca","reg.mna","ios.iccpr1","battledeaths.ln2","coup.try.5yr","mk_ongoing_count_log","mean_mk_onset","mk_onset_prev_year","newcountry","mk_ever","year_sq","countryage_new_ln","includesnonstate","ccode","year"
"1","Chad",0.1284,1,0.05301,3,0.1292,2,0,0,0,1,0,1,0,1,0,3,1,0.493,0,0,0,1,-1.215,24.12,0.9594,6.517,8.014,0.855,0,0,0,0,0,0,5.954,1,0,0.03125,0,0,1,4093000,6,1,483,2023
"2","Sudan",0.1081,2,0.06089,1,0.08595,3,1,0,0,1,0,1,0,1,0,2,0,0.355,0,0,0,1,-0.265,25.52,-3.525,1.143,6.018,0.746,0.12,0,0,0,0,0,12.38,1,1.585,0.0625,0,0,1,4093000,6.087,1,625,2023
"3","Burma/Myanmar",0.101,3,0.0605,2,0.1572,1,1,0,0,1,1,0,0,1,0,2,1,0.054,1,0,0,1,-1.058,25.7,0.2644,-0.8607,5.638,0.59,0.0605,0,1,0,0,0,11.29,1,2,0.0625,0,0,1,4093000,6.248,1,775,2023
"4","Pakistan",0.09681,4,0.04732,4,0.07807,5,1,0,0,1,0,1,0,0,1,2,0,0.554,0,0,0,1,-0.815,27.84,-1.943,4.813,7.026,0.748,0.055,0,0,1,0,0,10.03,0,1,0.03125,0,0,1,4093000,6.267,1,770,2023
"5","India",0.07675,5,0.03444,9,0.08135,4,0,0,0,1,0,0,1,0,1,2,0,0.582,0,0,0,1,0.006,30.41,6.721,5.519,4.756,0.42,0.1195,0,0,1,0,0,7.755,0,0,0.04688,0,0,1,4093000,6.267,1,750,2023
"6","Burkina Faso",0.06905,6,0.04638,5,0.05227,12,1,0,0,1,0,1,0,0,1,3,0,0.633,0,0,0,0,1.526,24.47,0.402,6.018,7.234,0.767,0,0,0,0,0,0,12.17,1,1,0.01562,0,0,1,4093000,6,1,439,2023
"7","Afghanistan",0.06258,7,0.03537,7,0.07274,6,0,0,1,1,1,0,0,1,1,0,1,0.051,1,0,1,1,-2.744,25.33,-8.587,6.188,6.63,0.763,0,0,0,1,0,0,7.807,0,0,0.0625,0,0,1,4093000,6.714,1,700,2023
"8","Guinea",0.06201,8,0.02752,11,0.06278,8,0,0,0,0,0,1,0,1,1,3,0,0.319,0,0,0,1,-0.22,23.76,4.563,6.108,8.09,0.727,0,0,0,0,0,0,0,1,0,0.01562,0,0,1,4093000,6.044,1,438,2023
"9","Ethiopia",0.06183,9,0.03715,6,0.06011,9,0,1,0,1,0,1,0,1,2,3,0,0.357,0,0,0,1,0.772,26.91,3.849,4.364,5.741,0.783,0,0,0,0,0,0,10.71,0,1.585,0.07812,0,0,1,4093000,7.401,1,530,2023
"10","Yemen",0.05675,10,0.02937,10,0.06546,7,0,0,1,1,0,0,1,1,1,0,1,0.319,1,0,0,1,-0.757,25.04,1.205,-2.942,5.681,0.126,0.01,0,0,0,1,0,9.646,0,0,0,0,0,1,4093000,5.087,1,679,2023
"11","Nigeria",0.05524,11,0.03504,8,0.05759,10,1,0,0,0,0,0,1,0,1,3,0,0.886,0,0,0,0,-0.222,27.74,0.4412,-2.255,8.335,0.85,0,0,0,0,0,0,11.05,0,1.585,0.07812,0,0,1,4093000,6,1,475,2023
"12","Indonesia",0.04998,12,0.02275,15,0.05177,13,0,0,0,0,0,1,0,0,1,4,0,0.536,0,0,0,1,-0.328,28.05,4.279,5.369,4.137,0.803,0,0,1,0,0,0,5.907,0,0,0.07812,0,0,1,4093000,6.229,1,850,2023
"13","Bangladesh",0.04738,13,0.02163,17,0.05017,14,0,0,0,1,0,1,0,0,1,4,0,0.284,0,0,0,0,-2.877,27.37,4.694,4.953,4.775,0.025,0.112,0,0,1,0,0,0,0,0,0.03774,0,0,1,4093000,5.728,1,771,2023
"14","Democratic Republic of Congo",0.0453,14,0.02401,14,0.04989,15,1,0,0,1,0,0,1,0,1,3,0,0.482,0,0,0,1,-0.692,26.61,5.108,6.512,7.024,0.7,0.02,0,0,0,0,0,9.047,0,1,0.09375,0,0,1,4093000,6,1,490,2023
"15","Niger",0.04111,15,0.02625,12,0.03572,22,0,0,0,0,0,0,1,0,2,3,0,0.883,0,0,0,1,0.981,24.7,-1.249,4.927,8.035,0.666,0,0,0,0,0,0,8.34,1,0,0,0,0,0,4093000,6,1,436,2023
"16","Iran",0.03829,16,0.01879,20,0.03357,27,0,0,1,1,0,1,0,1,1,1,0,0.241,1,0,1,1,0.61,26.41,4.22,5.796,3.141,0.743,0.1545,0,0,0,1,0,5.129,0,0,0.03125,0,0,1,4093000,7.7,1,630,2023
"17","Russia",0.0368,17,0.01832,23,0.03155,29,0,0,0,1,0,1,0,0,0,2,0,0.295,0,0,0,1,-1.452,27.1,-2.162,5.386,1.882,0.376,0.0032,0,0,0,0,0,6.615,0,0,0.03125,0,0,1,4093000,7.7,1,365,2023
"18","South Sudan",0.03679,18,0.01832,22,0.03925,19,1,0,1,1,0,1,0,1,1,3,0,0.171,1,0,0,1,-1.244,23.4,-5.2,-1.522,7.988,0.73,0.04,0,0,0,0,0,0,0,1.585,0.07692,0,0,1,4093000,3.7,1,626,2023
"19","Philippines",0.03673,19,0.01865,21,0.04978,16,1,0,0,1,0,0,1,1,1,4,0,0.631,0,0,0,1,-0.777,26.81,3.946,6.075,4.551,0.807,0,0,1,0,0,0,7.877,0,1,0.0625,0,0,1,4093000,6.285,1,840,2023
"20","Iraq",0.03511,20,0.02,18,0.03855,20,1,0,0,1,0,1,0,0,1,3,0,0.525,0,0,0,1,-0.021,25.44,-5.087,5.943,4.361,0.446,0,0,0,0,1,0,7.672,0,1,0.09375,0,0,1,4093000,6.524,1,645,2023
"21","Turkey",0.03348,21,0.01804,24,0.03531,24,0,0,1,1,0,0,1,0,0,2,0,0.186,0,0,0,1,-0.171,26.35,4.093,6.065,3.027,0.521,0.1866,0,0,0,0,0,8.455,0,0,0.01562,0,0,1,4093000,7.7,1,640,2023
"22","Mali",0.03297,22,0.02527,13,0.03766,21,0,0,0,1,0,0,1,0,1,3,0,0.674,0,0,0,0,1.475,24.47,2.074,6.044,7.796,0.852,0,0,0,0,0,0,10.3,1,0,0,0,0,0,4093000,6,1,432,2023
"23","Tajikistan",0.03091,23,0.01458,29,0.05389,11,0,0,0,1,0,1,0,1,1,0,0,0.045,0,0,0,1,-1.972,23.27,6.263,6.032,4.95,0.367,0,0,0,1,0,0,0,0,0,0.0303,0,0,1,4093000,5.044,1,702,2023
"24","Egypt",0.03066,24,0.01408,30,0.04116,18,0,0,1,1,0,1,0,0,1,2,0,0.129,0,0,0,1,-0.306,26.75,2.17,5.338,3.815,0.041,0,0,0,0,1,0,0,0,0,0.01562,0,0,1,4093000,6.672,1,651,2023
"25","Rwanda",0.03005,25,0.0174,26,0.0285,30,0,0,0,1,0,1,0,1,1,3,0,0.156,0,0,0,1,-0.561,23.75,5.799,6.044,5.245,0.28,0,0,0,0,0,0,7.055,0,0,0.06452,0,0,1,4093000,5.954,1,517,2023
"26","Somalia",0.02866,26,0.02207,16,0.03417,25,1,0,1,1,0,0,1,0,1,2,0,0.69,0,0,0,0,-0.098,24.11,0.000976,6.563,8.141,0.222,0,0,0,0,0,0,11.91,0,1,0.04688,0,0,1,4093000,6,1,520,2023
"27","Mozambique",0.02779,27,0.01914,19,0.02797,33,0,0,0,1,0,0,1,0,1,4,0,0.584,0,0,0,0,1.128,25.01,2.126,-0.6126,7.053,0.69,0,0,0,0,0,0,7.468,0,0,0.02041,0,0,1,4093000,5.615,1,541,2023
"28","Angola",0.02772,28,0.01319,34,0.03375,26,0,0,0,0,0,0,1,0,1,3,0,0.637,0,0,0,1,-0.313,25.13,-2.155,6.056,6.974,0.779,0,0,0,0,0,0,0,0,0,0.02041,0,0,1,4093000,5.615,1,540,2023
"29","Uganda",0.02701,29,0.01246,38,0.03243,28,0,0,0,1,0,0,1,1,1,3,0,0.51,0,0,0,1,-0.211,25.53,2.345,5.218,5.367,0.883,0.059,0,0,0,0,0,0,0,0,0.04839,0,0,1,4093000,5.954,1,500,2023
"30","Republic of Congo",0.02694,30,0.01205,43,0.02803,32,0,0,0,1,0,0,1,0,1,3,1,0.114,0,0,0,1,-0.189,22.54,-0.37,6.588,5.368,0.704,0,0,0,0,0,0,0,0,0,0.04688,0,0,1,4093000,6,1,484,2023
"31","Central African Republic",0.0267,31,0.0174,25,0.04715,17,1,0,0,1,0,0,1,0,0,4,0,0.312,0,0,0,1,0.604,22.45,-1.996,5.442,8.276,0.79,0,0,0,0,0,0,8.033,0,1,0.01562,0,0,1,4093000,6,1,482,2023
"32","China",0.02664,32,0.0138,32,0.02846,31,0,0,0,1,1,0,0,1,1,0,0,0.087,1,0,0,1,-0.188,30.39,5.309,5.222,2.259,0.19,0.0134,0,1,0,0,0,0,0,0,0.04688,0,0,1,4093000,7.7,1,710,2023
"33","Ivory Coast",0.02644,33,0.01275,36,0.02762,35,0,0,0,0,0,0,1,0,1,4,0,0.684,0,0,0,1,0.031,24.78,3.907,5.629,7.187,0.731,0,0,0,0,0,0,0,0,0,0.01562,0,0,1,4093000,6,1,437,2023
"34","Laos",0.02558,34,0.01482,28,0.0277,34,0,0,0,1,1,0,0,1,1,2,1,0.062,0,0,0,1,-0.085,22.86,2.328,-0.4316,5.632,0.634,0.08,0,1,0,0,0,0,0,0,0.03125,0,0,1,4093000,6.229,1,812,2023
"35","South Africa",0.02434,35,0.01173,44,0.02542,36,0,0,0,0,0,0,1,0,1,4,0,0.834,0,0,0,1,1.294,25.85,-0.2653,6.038,5.277,0.856,0,0,0,0,0,0,0,0,0,0.01562,0,0,1,4093000,6.833,1,560,2023
"36","Malawi",0.02403,36,0.01211,42,0.02457,39,0,0,0,0,0,0,1,0,1,4,0,0.784,0,0,0,1,-0.69,24.32,-1.014,-1.375,5.436,0.791,0,0,0,0,0,0,0,0,0,0.01667,0,0,1,4093000,5.907,1,553,2023
"37","Thailand",0.02375,37,0.01247,37,0.02509,37,0,0,0,1,0,0,1,1,1,4,0,0.469,0,0,0,1,-0.006,26.1,1.735,7.013,2.491,0.352,0.05,0,1,0,0,0,4.954,0,0,0.01562,0,0,1,4093000,7.7,1,800,2023
"38","Cambodia",0.02344,38,0.01149,45,0.02494,38,0,0,0,1,0,1,0,1,1,3,0,0.286,0,0,0,1,-1.049,24.01,4.299,6.827,4.38,0.158,0.008,0,1,0,0,0,0,0,0,0.03125,0,0,1,4093000,6.15,1,811,2023
"39","Jordan",0.02294,39,0.01238,39,0.01066,72,0,0,0,1,0,0,1,1,1,3,0,0.702,0,0,0,1,0.572,23.43,2.152,-0.1963,3.428,0.044,0.5,0,0,0,1,0,0,0,0,0.01562,0,0,1,4093000,6.248,1,663,2023
"40","Burundi",0.02162,40,0.01289,35,0.01455,54,0,0,0,1,0,1,0,1,1,4,1,0.189,0,1,0,1,0.759,23.66,-0.007285,4.887,5.95,0.308,0,0,0,0,0,0,6.539,0,0,0.03226,0,0,1,4093000,5.954,1,516,2023
"41","Nepal",0.02159,41,0.01214,41,0.02251,41,0,0,0,0,0,0,1,0,1,3,0,0.842,0,0,0,0,0.836,24.88,0.8009,5.38,4.68,0.86,0,0,0,1,0,0,0,0,0,0.03125,0,0,1,4093000,7.7,1,790,2023
"42","Cameroon",0.02156,42,0.01406,31,0.02371,40,0,0,0,1,0,0,1,1,1,4,0,0.696,0,0,0,1,-0.393,24.77,1.333,5.271,6.885,0.86,0,0,0,0,0,0,8.492,0,0,0,0,0,0,4093000,5.977,1,471,2023
"43","Syria",0.02123,43,0.01708,27,0.03563,23,1,0,0,1,1,0,0,1,0,1,0,0.073,1,0,0,1,-2.162,24.47,-6.012,6.613,4.091,0.213,0,0,0,0,1,0,10.56,0,1.585,0.04688,0,0,1,4093000,6.285,1,652,2023
"44","Eritrea",0.02121,44,0.01332,33,0.01343,60,0,0,1,1,1,0,0,1,1,1,1,0.103,0,0,1,1,0.472,21.84,5,-1.751,5.205,0.659,0.11,0,0,0,0,0,0,0,0,0,0,0,1,4093000,4.954,1,531,2023
"45","Tanzania",0.02013,45,0.01124,47,0.0205,43,0,0,0,0,0,0,1,0,1,3,0,0.878,0,0,0,0,0.891,26.01,1.527,5.239,5.378,0.591,0,0,0,0,0,0,0,0,0,0.01587,0,0,1,4093000,5.977,1,510,2023
"46","Algeria",0.01977,46,0.01015,51,0.02053,42,0,0,0,1,0,0,1,0,1,1,0,0.536,0,0,0,1,1.037,25.44,2.495,5.53,4.219,0.372,0,0,0,0,1,0,0,0,0,0.03226,0,0,1,4093000,5.954,1,615,2023
"47","Guinea-Bissau",0.01877,47,0.01131,46,0.01982,44,0,0,0,1,0,0,1,1,1,4,0,0.748,0,0,0,1,-0.249,21.04,2.054,5.529,6.995,0.808,0,0,0,0,0,0,0,1,0,0,0,0,0,4093000,5.644,1,404,2023
"48","Sierra Leone",0.01799,48,0.01104,48,0.01955,45,0,0,0,0,0,0,1,0,1,4,0,0.881,0,0,0,0,1.041,23.07,1.25,6.752,8.463,0.801,0,0,0,0,0,0,0,0,0,0.01587,0,0,1,4093000,5.977,1,451,2023
"49","Liberia",0.01681,49,0.01082,49,0.01781,46,0,0,0,0,0,0,1,0,1,4,0,0.943,0,0,0,0,0.623,22.37,2.475,-0.9375,7.479,0.889,0,0,0,0,0,0,0,0,0,0.03125,0,0,1,4093000,7.468,1,450,2023
"50","Kenya",0.01653,50,0.01219,40,0.01697,48,0,0,0,0,0,0,1,0,1,4,0,0.92,0,0,0,0,1.048,25.72,3.373,5.019,5.445,0.855,0.06,0,0,0,0,0,7.622,0,0,0,0,0,0,4093000,5.931,1,501,2023
"51","Democratic Republic of Vietnam",0.01602,51,0.01045,50,0.01702,47,0,0,0,1,1,0,0,1,1,1,0,0.328,0,0,1,1,1.158,26.56,4.332,7.522,3.882,0.263,0,0,1,0,0,0,0,0,0,0.03125,0,0,1,4093000,6.129,1,816,2023
"52","Zimbabwe",0.01583,52,0.007691,64,0.01624,50,0,0,0,1,0,0,1,1,1,4,1,0.262,0,1,0,1,-1.632,23.99,2.784,6.021,5.762,0.415,0.01,0,0,0,0,0,0,0,0,0.0339,0,0,1,4093000,5.883,1,552,2023
"53","Gabon",0.01549,53,0.009635,54,0.01627,49,0,0,0,1,0,0,1,1,1,4,0,0.945,0,0,0,1,0.6,21.22,0.2665,6.212,5.241,0.789,0,0,0,0,0,0,0,1,0,0,0,0,0,4093000,5.883,1,481,2023
"54","Papua New Guinea",0.01493,54,0.01,53,0.01554,52,0,0,0,0,0,0,1,0,1,4,0,0.86,0,0,0,0,0.759,23.3,0.8191,-2.082,5.67,0.27,0,0,1,0,0,0,0,0,0,0.02041,0,0,1,4093000,5.615,1,910,2023
"55","Madagascar",0.01471,55,0.008592,58,0.01579,51,0,0,0,0,0,0,1,0,1,4,0,0.695,0,0,0,1,-0.543,24.85,1.537,6.162,6.709,0.194,0,0,0,0,0,0,0,0,0,0,0,0,0,4093000,6,1,580,2023
"56","Libya",0.01465,56,0.009194,55,0.01408,57,0,0,1,0,0,1,0,0,1,1,0,0.451,0,0,0,0,-0.027,22.72,-2.758,6.78,4.004,0.259,0,0,0,0,1,0,0,0,0,0.01562,0,0,1,4093000,6.19,1,620,2023
"57","Colombia",0.0137,57,0.01008,52,0.01484,53,0,0,0,0,0,0,1,0,1,4,0,0.754,0,0,0,1,0.609,25.63,0.2043,5.339,3.136,0.639,0,1,0,0,0,0,6.459,0,0,0.03125,0,0,1,4093000,7.6,1,100,2023
"58","Equatorial Guinea",0.01341,58,0.008759,56,0.01423,56,0,0,1,1,0,1,0,1,1,3,0,0.299,0,0,0,1,-0.998,20.71,-7.879,6.445,7.273,0.35,0.115,0,0,0,0,0,0,0,0,0,0,0,0,4093000,5.807,1,411,2023
"59","Mauritania",0.0134,59,0.007832,61,0.01426,55,0,0,0,0,0,1,0,1,1,1,0,0.78,1,0,0,1,-0.82,22.21,0.6868,6.59,5.548,0.713,0,0,0,0,0,0,0,0,0,0,0,0,0,4093000,6,1,435,2023
"60","Morocco",0.01264,60,0.007015,68,0.01356,59,0,0,0,1,0,0,1,0,2,1,0,0.635,0,0,0,1,-0.398,25.17,0.2155,6.588,3.785,0.566,0.016,0,0,0,1,0,0,0,0,0,0,0,0,4093000,6.087,1,600,2023
"61","Kyrgystan",0.01246,61,0.007512,66,0.01342,61,0,0,0,1,0,0,1,0,1,3,0,0.679,0,0,0,1,-0.098,22.76,4.269,6.875,3.777,0.487,0.138,0,0,1,0,0,0,0,0,0,0,0,0,4093000,5.044,1,703,2023
"62","Senegal",0.01183,62,0.007927,60,0.004301,111,0,0,0,0,0,1,0,0,1,4,0,0.901,0,0,0,0,1.137,24.08,1.092,6.118,4.914,0.747,0,0,0,0,0,0,0,0,0,0,0,0,0,4093000,6,1,433,2023
"63","Togo",0.01128,63,0.008607,57,0.01268,62,0,0,0,1,0,0,1,0,1,4,0,0.406,0,0,0,0,0.37,23.11,3.997,5.941,6.431,0.88,0,0,0,0,0,0,4.755,0,0,0,0,0,0,4093000,6,1,461,2023
"64","Ukraine",0.01124,64,0.007553,65,0.01362,58,0,0,0,1,0,1,0,0,1,3,0,0.689,0,0,0,0,-0.505,25.14,-17.13,6.287,2.428,0.37,0,0,0,0,0,0,0,0,0,0,0,0,0,4093000,5.044,1,369,2023
"65","Uzbekistan",0.01114,65,0.008193,59,0.01219,63,0,0,0,1,1,0,0,1,1,2,0,0.413,0,0,0,1,-0.317,25.12,3.764,6.169,3.337,0.313,0,0,0,1,0,0,0,0,0,0,0,0,0,4093000,5.044,1,704,2023
"66","Bahrain",0.01113,66,0.006534,73,0.007113,85,0,0,0,1,0,1,0,1,1,2,0,0.252,1,0,0,1,-1.806,20.5,1.566,7.321,2.309,0.582,0.35,0,0,0,1,0,0,0,0,0,0,0,0,4093000,5.728,1,692,2023
"67","North Korea",0.01098,67,0.007794,62,0.01204,64,1,0,1,1,1,0,0,1,1,0,1,0.018,0,1,1,1,-0.979,24.64,1.318,-4.008,3.813,0.02,0,0,1,0,0,0,0,0,1,0.01562,0,0,1,4093000,6.248,1,731,2023
"68","Georgia",0.01096,68,0.006381,75,0.01148,66,0,0,0,0,0,0,1,0,1,3,0,0.794,0,0,0,1,0.338,21.84,6.107,6.732,2.853,0.367,0,0,0,0,0,0,0,0,0,0.0303,0,0,1,4093000,5.044,1,372,2023
"69","Peru",0.01061,69,0.006995,70,0.01104,68,0,0,0,0,0,0,1,0,1,4,0,0.921,0,0,0,1,0.366,25.03,-1.428,5.67,3.419,0.618,0,1,0,0,0,0,0,0,0,0.01562,0,0,1,4093000,7.644,1,135,2023
"70","Nicaragua",0.01056,70,0.007771,63,0.01154,65,0,0,0,1,1,0,0,1,0,1,1,0.025,1,0,0,1,-1.261,22.75,3.117,6.712,3.502,0.544,0,1,0,0,0,0,0,0,0,0.03125,0,0,1,4093000,7.524,1,93,2023
"71","Bosnia and Herzegovina",0.01045,71,0.006086,77,0.01097,69,0,0,0,1,0,0,1,0,1,4,0,0.72,0,0,0,1,0.818,21.61,2.394,6.659,2.308,0.637,0.01,0,0,0,0,0,0,0,0,0,0,0,1,4093000,5,1,346,2023
"72","Zambia",0.01034,72,0.007129,67,0.0112,67,0,0,0,0,0,0,1,0,1,4,0,0.887,0,0,0,0,1.095,24.29,2.992,6.32,6.184,0.706,0,0,0,0,0,0,0,0,0,0,0,0,0,4093000,5.907,1,551,2023
"73","Djibouti",0.009883,73,0.006386,74,0.01072,71,0,0,0,1,0,1,0,0,1,3,0,0.53,0,0,0,1,-0.461,20.12,5.212,8.421,6.025,0.649,0,0,0,0,0,0,0,0,0,0,0,0,0,4093000,5.555,1,522,2023
"74","Azerbaijan",0.009256,74,0.007009,69,0.009898,73,0,0,0,1,0,0,1,1,1,2,0,0.354,0,1,0,1,-1.709,23.27,1.416,6.386,3.866,0.122,0,0,0,0,0,0,8.855,0,0,0.0303,0,0,1,4093000,5.044,1,373,2023
"75","Venezuela",0.00898,75,0.006975,71,0.00964,75,0,0,0,1,0,1,0,1,1,3,0,0.282,0,0,0,1,0.985,24.78,6.577,-3.047,3.964,0.52,0,1,0,0,0,0,0,0,0,0,0,0,0,4093000,7.607,1,101,2023
"76","Lebanon",0.008947,76,0.005731,80,0.009411,76,0,0,0,0,0,0,1,0,1,4,0,0.676,0,0,0,1,-0.961,22.35,2.383,7.006,3.964,0.133,0.1,0,0,0,1,0,0,0,0,0,0,0,0,4093000,6.322,1,660,2023
"77","Sri Lanka",0.008905,77,0.005691,81,0.009713,74,0,0,0,0,0,0,1,0,0,3,0,0.736,0,1,0,1,0.564,24.39,-1.66,5.402,2.258,0.323,0.11,0,0,1,0,0,0,0,0,0.0625,0,0,1,4093000,6.248,1,780,2023
"78","Namibia",0.008073,78,0.005389,85,0.008715,77,0,0,0,0,0,0,1,0,1,4,0,0.847,0,0,0,1,0.516,21.31,2.674,6.776,5.215,0.76,0,0,0,0,0,0,0,0,0,0,0,0,0,4093000,5.087,1,565,2023
"79","Mexico",0.007991,79,0.005626,83,0.008638,78,0,0,0,1,0,0,1,0,1,4,0,0.805,0,0,0,1,0.582,26.94,2.464,6.212,3.217,0.587,0,1,0,0,0,0,0,0,0,0,0,0,0,4093000,7.665,1,70,2023
"80","Argentina",0.007685,80,0.006351,76,0.008124,80,0,0,0,0,0,0,1,0,1,4,0,0.936,0,0,0,0,1.637,25.48,-2.436,4.753,2.997,0.158,0,1,0,0,0,0,0,0,0,0.01562,0,0,1,4093000,7.7,1,160,2023
"81","Brazil",0.007491,81,0.005878,78,0.008519,79,0,0,0,0,0,0,1,0,1,4,0,0.869,0,0,0,0,0.312,27.69,2.381,5.081,3.472,0.559,0,1,0,0,0,0,0,0,0,0,0,0,0,4093000,7.658,1,140,2023
"82","Kazakhstan",0.007189,82,0.004774,91,0.007735,83,0,0,0,1,0,1,0,1,2,2,0,0.52,0,1,0,1,0.245,24.25,3.699,6.09,2.85,0.538,0,0,0,1,0,0,0,0,0,0,0,0,0,4093000,5.044,1,705,2023
"83","United States of America",0.00715,83,0.005597,84,0.007821,81,0,0,0,0,0,0,1,0,1,4,0,0.927,0,0,0,0,0.75,28.32,2.04,4.757,2.298,0.527,0,1,0,0,0,0,0,0,0,0,0,0,0,4093000,7.7,1,2,2023
"84","United Arab Emirates",0.007095,84,0.005765,79,0.00774,82,0,0,0,1,1,0,0,1,1,3,0,0.366,0,0,0,1,-0.77,23.18,2.581,-1.689,2.205,0.684,0,0,0,0,1,0,0,0,0,0,0,0,0,4093000,5.728,1,696,2023
"85","Bhutan",0.006936,85,0.005678,82,0.007629,84,0,0,0,0,0,0,1,0,1,2,0,0.734,0,0,0,0,1.344,19.59,4.546,6.425,4.398,0.651,0.2,0,0,1,0,0,0,0,0,0,0,0,0,4093000,6.229,1,760,2023
"86","El Salvador",0.006833,86,0.005235,86,0.006187,89,0,0,0,1,0,0,1,0,0,4,0,0.411,0,0,0,1,0.042,22.6,3.047,6.338,3.084,0.165,0,1,0,0,0,0,0,0,0,0.03125,0,0,1,4093000,7.524,1,92,2023
"87","Botswana",0.006364,87,0.005109,88,0.003075,130,0,0,0,0,0,0,1,0,1,4,0,0.842,0,0,0,0,0.357,21.35,1.001,6.074,5.328,0.395,0,0,0,0,0,0,0,0,0,0,0,0,0,4093000,5.858,1,571,2023
"88","Fiji",0.006123,88,0.00441,94,0.006619,87,0,0,0,0,0,0,1,0,1,3,0,0.779,0,0,0,1,0.538,19.84,7.264,6.918,4.781,0.528,0,0,1,0,0,0,0,0,0,0,0,0,0,4093000,5.755,1,950,2023
"89","Guatemala",0.005994,89,0.004779,90,0.006639,86,0,0,0,1,0,0,1,1,1,4,0,0.784,0,0,0,1,0.196,24.07,2.047,5.648,4.2,0.511,0,1,0,0,0,0,0,0,0,0,0,0,0,4093000,7.524,1,90,2023
"90","Israel",0.005968,90,0.00678,72,0.004987,106,0,0,0,0,0,0,1,0,1,4,0,0.898,0,1,0,0,0.747,23.22,-0.08541,5.858,1.668,0.376,0.43,0,0,0,1,0,14.48,0,0,0,0,0,0,4093000,6.248,1,666,2023
"91","Mauritius",0.005776,91,0.004142,98,0.006226,88,0,0,0,1,0,0,1,0,1,4,0,0.763,0,0,0,1,0.473,20.27,7.078,6.761,3.591,0.466,0,0,0,0,0,0,0,0,0,0,0,0,0,4093000,5.807,1,590,2023
"92","Benin",0.005532,92,0.005098,89,0.006104,90,0,0,0,0,0,0,1,0,1,4,0,0.78,0,1,0,0,0.889,23.71,3.561,5.682,7.233,0.764,0,0,0,0,0,0,4.858,0,0,0,0,0,0,4093000,6,1,434,2023
"93","South Korea",0.005491,93,0.003926,102,0.005755,93,0,0,0,1,0,0,1,0,1,4,0,0.887,0,1,0,0,0.482,25.62,1.278,6.458,1.44,0.095,0,0,1,0,0,0,0,0,0,0.01562,0,0,1,4093000,6.248,1,732,2023
"94","Eswatini",0.005388,94,0.005209,87,0.005996,91,0,0,1,1,1,0,0,1,1,3,0,0.07,0,0,1,1,0.314,20.21,4.05,6.514,6.13,0.39,0,0,0,0,0,0,0,0,0,0,0,0,0,4093000,5.672,1,572,2023
"95","Ecuador",0.005259,95,0.004299,95,0.005783,92,0,0,0,0,0,0,1,0,1,4,0,0.851,0,0,0,1,0.867,24.12,1.289,5.854,3.106,0.528,0,1,0,0,0,0,0,0,0,0,0,0,0,4093000,7.6,1,130,2023
"96","Hungary",0.005102,96,0.00347,109,0.00543,97,0,0,0,1,0,0,1,0,1,4,0,0.828,0,1,0,1,0.362,23.19,-0.3582,7.297,1.786,0.232,0,0,0,0,0,0,0,0,0,0.01562,0,0,1,4093000,6.728,1,310,2023
"97","Comoros",0.005006,97,0.004594,92,0.005554,94,0,0,0,1,0,0,1,0,1,3,0,0.273,0,0,0,0,1.027,19.7,0.8569,5.583,6.097,0.054,0,0,0,0,0,0,0,0,0,0,0,0,0,4093000,5.615,1,581,2023
"98","Haiti",0.004973,98,0.004283,96,0.005466,95,0,0,0,1,0,0,1,1,1,4,0,0.645,0,1,0,1,-0.859,23.48,-3.034,4.944,6.586,0.105,0,1,0,0,0,0,0,0,0,0.03125,0,0,1,4093000,6.492,1,41,2023
"99","Honduras",0.004946,99,0.004152,97,0.005444,96,0,0,0,0,0,0,1,0,1,4,0,0.902,0,0,0,1,-0.118,23.34,2.009,6.614,3.599,0.229,0,1,0,0,0,0,0,0,0,0,0,0,0,4093000,7.524,1,91,2023
"100","Romania",0.004906,100,0.003697,106,0.005254,99,0,0,0,0,0,0,1,0,1,4,0,0.968,0,1,0,0,0.373,24.18,2.1,6.376,2.202,0.207,0,0,0,0,0,0,0,0,0,0.03125,0,0,1,4093000,7.19,1,360,2023
"101","Ghana",0.004893,101,0.003854,103,0.005367,98,0,0,0,0,0,0,1,0,2,4,0,0.92,0,1,0,0,0.754,25.02,0.9955,6.109,5.54,0.736,0,0,0,0,0,0,0,0,0,0,0,0,0,4093000,6.066,1,452,2023
"102","Serbia",0.004788,102,0.003351,112,0.005089,102,0,0,0,1,0,0,1,0,1,4,0,0.783,0,1,0,1,0.946,22.66,3.247,6.957,2.041,0.396,0.004,0,0,0,0,0,0,0,0,0.0625,0,0,1,4093000,6.728,1,345,2023
"103","Turkmenistan",0.004683,103,0.004439,93,0.005177,100,0,0,0,1,1,0,0,1,1,0,0,0.119,0,1,0,1,-1.933,22.64,0.3656,5.136,5.637,0.255,0,0,0,1,0,0,0,0,0,0,0,0,0,4093000,5.044,1,701,2023
"104","Poland",0.004656,104,0.003698,105,0.004969,107,0,0,0,1,0,0,1,0,0,4,0,0.78,0,1,0,0,2.354,25.13,0.5316,6.775,1.786,0.069,0,0,0,0,0,0,0,0,0,0.01562,0,0,1,4093000,6.728,1,290,2023
"105","Timor-Leste",0.004637,105,0.003944,101,0.005067,103,0,0,0,0,0,0,1,0,2,4,0,0.858,0,1,0,0,0.505,20.38,-15.57,6.609,6.129,0.802,0,0,1,0,0,0,0,0,0,0,0,0,1,4093000,4.459,1,860,2023
"106","Paraguay",0.004589,106,0.003961,100,0.005169,101,0,0,0,0,0,0,1,1,1,4,0,0.803,0,0,0,1,-0.184,22.71,3.481,6.375,3.739,0.179,0,1,0,0,0,0,0,0,0,0,0,0,0,4093000,7.7,1,150,2023
"107","Panama",0.004527,107,0.003747,104,0.004995,104,0,0,0,0,0,0,1,0,1,4,0,0.917,0,0,0,1,-0.642,22.09,5.888,6.584,3.544,0.612,0,1,0,0,0,0,0,0,0,0,0,0,0,4093000,6.919,1,95,2023
"108","Maldives",0.004509,108,0.003609,108,0.00499,105,0,0,0,0,0,0,1,1,1,0,0,0.804,0,0,0,1,-0.482,18.99,4.525,0.3101,2.076,0.059,0,0,1,0,0,0,0,0,0,0,0,0,0,4093000,5.883,1,781,2023
"109","Canada",0.004469,109,0.004067,99,0.004865,108,0,0,0,0,0,0,1,0,1,4,0,0.92,0,0,0,0,1.539,25.26,-1.855,6.076,2.065,0.73,0,1,0,0,0,0,0,0,0,0,0,0,0,4093000,7.295,1,20,2023
"110","Malaysia",0.004384,110,0.003092,116,0.0108,70,0,0,0,1,0,0,1,0,1,2,0,0.718,0,1,0,1,0.835,25.03,2.561,7.043,2.528,0.57,0,0,1,0,0,0,0,0,0,0,0,0,0,4093000,6.066,1,820,2023
"111","Saudi Arabia",0.004297,111,0.003696,107,0.004803,109,0,0,1,1,1,0,0,1,1,1,0,0.149,1,1,0,1,-1.573,25.14,-2.201,5.957,2.249,0.224,0.17,0,0,0,1,0,0,0,0,0,0,0,0,4093000,6.524,1,670,2023
"112","Croatia",0.004227,112,0.003063,118,0.004553,110,0,0,0,0,0,0,1,0,1,4,0,0.892,0,1,0,1,0.646,21.88,3.126,6.78,1.872,0.171,0,0,0,0,0,0,0,0,0,0,0,0,1,4093000,5.044,1,344,2023
"113","Czech Republic",0.003923,113,0.003167,114,0.004192,112,0,0,0,0,0,0,1,0,1,4,0,0.969,0,1,0,0,1.375,23.37,-2.159,7.118,1.492,0.262,0,0,0,0,0,0,0,0,0,0,0,0,1,4093000,4.954,1,316,2023
"114","United Kingdom",0.003788,114,0.003059,119,0.004147,113,0,0,0,0,0,0,1,0,1,4,0,0.971,0,1,0,0,0.714,26.03,-0.7147,6.035,1.924,0.399,0,0,0,0,0,0,0,0,0,0,0,0,0,4093000,7.7,1,200,2023
"115","Chile",0.00374,115,0.003152,115,0.004041,115,0,0,0,0,0,0,1,0,1,4,0,0.973,0,1,0,1,1.002,24.23,0.08677,5.93,2.034,0.439,0.099,1,0,0,0,0,0,0,0,0.01562,0,0,1,4093000,7.687,1,155,2023
"116","Cyprus",0.003713,116,0.003214,113,0.003963,118,0,0,0,0,0,0,1,0,2,4,0,0.912,0,0,0,0,1.296,20.27,3.637,7.489,1.766,0.347,0,0,0,0,0,0,0,0,0,0,0,0,0,4093000,6,1,352,2023
"117","Japan",0.003695,117,0.003032,120,0.00408,114,0,0,0,0,0,0,1,0,1,4,0,0.881,0,1,0,0,1.373,26.89,2.421,5.55,1.284,0.019,0,0,1,0,0,0,0,0,0,0,0,0,0,4093000,7.7,1,740,2023
"118","The Gambia",0.003668,118,0.002963,126,0.004015,116,0,0,0,0,0,0,1,0,1,4,0,0.851,0,1,0,1,0.646,21.4,2.745,5.343,5.43,0.762,0,0,0,0,0,0,0,0,0,0,0,0,0,4093000,5.883,1,420,2023
"119","Slovakia",0.003624,119,0.003004,122,0.003907,119,0,0,0,0,0,0,1,0,1,4,0,0.961,0,1,0,0,1.23,22.37,1.69,7.504,2.125,0.241,0,0,0,0,0,0,0,0,0,0,0,0,1,4093000,4.954,1,317,2023
"120","Guyana",0.003573,120,0.003376,111,0.004003,117,0,0,0,0,0,0,1,0,1,4,0,0.833,0,0,0,1,1.424,19.63,32.18,-2.833,4.619,0.695,0,1,0,0,0,0,0,0,0,0,0,0,0,4093000,5.858,1,110,2023
"121","Germany",0.003563,121,0.002989,124,0.00389,120,0,0,0,0,0,0,1,0,1,4,0,0.976,0,1,0,0,1.572,26.33,-1.112,6.494,1.723,0.189,0,0,0,0,0,0,0,0,0,0,0,0,0,4093000,7.304,1,255,2023
"122","France",0.00353,122,0.002977,125,0.003883,121,0,0,0,0,0,0,1,0,1,4,0,0.947,0,1,0,0,1.155,26.02,0.4099,6.078,1.872,0.1,0.006,0,0,0,0,0,0,0,0,0,0,0,0,4093000,7.7,1,220,2023
"123","Dominican Republic",0.003475,123,0.003417,110,0.003839,122,0,0,0,0,0,0,1,0,1,4,0,0.956,0,1,0,0,0.349,23.43,1.42,5.633,5.062,0.453,0.023,1,0,0,0,0,0,0,0,0.01562,0,0,1,4093000,7.492,1,42,2023
"124","Spain",0.003465,124,0.002808,128,0.0038,123,0,0,0,0,0,0,1,0,1,4,0,0.934,0,1,0,0,1.161,25.53,1.242,6.205,1.545,0.669,0,0,0,0,0,0,0,0,0,0,0,0,0,4093000,7.7,1,230,2023
"125","Italy",0.003202,125,0.002774,129,0.003531,124,0,0,0,0,0,0,1,0,1,4,0,0.937,0,1,0,0,1.701,25.81,1.229,6.103,1.498,0.11,0.001,0,0,0,0,0,0,0,0,0,0,0,0,4093000,7.7,1,325,2023
"126","Mongolia",0.003124,126,0.002445,137,0.003436,126,0,0,0,0,0,0,1,0,2,4,0,0.777,0,1,0,1,-0.593,21.72,5.508,7.202,3.248,0.315,0,0,1,0,0,0,0,0,0,0,0,0,0,4093000,6.687,1,712,2023
"127","Lesotho",0.003094,127,0.003083,117,0.003441,125,0,0,0,0,0,0,1,0,1,4,0,0.851,0,1,0,0,1.063,21.15,-0.1623,7.187,7.518,0.313,0,0,0,0,0,0,0,0,0,0,0,0,0,4093000,5.858,1,570,2023
"128","Greece",0.003068,128,0.002843,127,0.002597,143,0,0,0,0,0,1,0,0,1,3,0,0.869,0,1,0,0,2.284,23.3,2.658,6.565,1.823,0.167,0.03,0,0,0,0,0,0,0,0,0,0,0,0,4093000,7.615,1,350,2023
"129","Belarus",0.003065,129,0.002756,130,0.00261,142,0,0,0,1,0,1,0,0,1,2,0,0.029,0,1,1,0,0.901,23.13,4.45,7.055,1.38,0.309,0.031,0,0,0,0,0,0,0,0,0,0,0,0,4093000,5.044,1,370,2023
"130","Australia",0.003054,130,0.002654,132,0.003407,127,0,0,0,0,0,0,1,0,1,4,0,0.943,0,1,0,0,0.819,24.67,0.6033,5.587,1.786,0.276,0,0,1,0,0,0,0,0,0,0,0,0,0,4093000,6.943,1,900,2023
"131","Moldova",0.002929,131,0.002755,131,0.002471,147,0,0,0,0,0,1,0,0,1,4,0,0.913,0,1,0,0,0.872,21.25,2.891,6.572,3.418,0.427,0,0,0,0,0,0,0,0,0,0,0,0,0,4093000,5.044,1,359,2023
"132","New Zealand",0.002926,132,0.00239,139,0.003223,128,0,0,0,0,0,0,1,0,1,4,0,0.981,0,1,0,1,0.669,22.32,-1.408,5.757,2.084,0.485,0,0,1,0,0,0,0,0,0,0,0,0,0,4093000,6.87,1,920,2023
"133","Kuwait",0.00287,133,0.002991,123,0.003089,129,0,0,0,0,1,0,0,0,1,3,0,0.577,0,1,0,1,-0.583,22.04,-3.165,-2.489,2.692,0.765,0.03,0,0,0,1,0,0,0,0,0,0,0,0,4093000,5.883,1,690,2023
"134","Singapore",0.002644,134,0.002179,147,0.002883,131,0,0,0,1,0,0,1,0,1,3,0,0.745,0,1,0,1,0.906,22.5,-3.718,8.282,1.314,0.395,0,0,1,0,0,0,0,0,0,0,0,0,0,4093000,5.883,1,830,2023
"135","Netherlands",0.002638,135,0.002423,138,0.002878,132,0,0,0,0,0,0,1,0,1,4,0,0.901,0,1,0,0,1.908,24.09,-0.8835,7.311,1.841,0.354,0,0,0,0,0,0,0,0,0,0,0,0,0,4093000,7.7,1,210,2023
"136","Suriname",0.002594,136,0.003027,121,0.001257,168,0,0,0,0,0,0,1,0,1,4,0,0.924,0,0,0,0,0.475,19.25,1.224,-0.11,3.756,0.73,0,1,0,0,0,0,0,0,0,0,0,0,0,4093000,5.615,1,115,2023
"137","Bolivia",0.002578,137,0.002634,133,0.002848,134,0,0,0,1,0,0,1,0,1,4,0,0.804,0,1,0,1,1.666,23.56,1.084,5.879,5.641,0.572,0,1,0,0,0,0,0,0,0,0,0,0,0,4093000,7.637,1,145,2023
"138","Oman",0.002578,138,0.002583,134,0.002866,133,0,0,0,1,1,0,0,0,1,3,0,0.4,0,1,0,1,-0.774,22.15,-0.185,6.553,2.925,0.597,0,0,0,0,1,0,0,0,0,0,0,0,0,4093000,7.7,1,698,2023
"139","Belgium",0.002524,139,0.002306,140,0.002756,135,0,0,0,0,0,0,1,0,1,4,0,0.959,0,1,0,0,1.819,23.5,0.1923,7.445,1.825,0.592,0,0,0,0,0,0,0,0,0,0,0,0,0,4093000,7.6,1,211,2023
"140","Macedonia",0.00252,140,0.002077,149,0.002656,139,0,0,0,0,0,0,1,0,1,4,0,0.772,0,1,0,1,-0.467,20.79,2.128,7.314,2.172,0.562,0,0,0,0,0,0,0,0,0,0,0,0,0,4093000,5.044,1,343,2023
"141","Tunisia",0.002496,141,0.002503,135,0.002754,136,0,0,0,0,0,0,1,0,0,3,0,0.623,0,1,0,0,2.517,23.57,-0.3994,6.77,2.996,0.034,0,0,0,0,1,0,0,0,0,0,0,0,0,4093000,6.087,1,616,2023
"142","Portugal",0.002446,142,0.002267,142,0.002682,137,0,0,0,0,0,0,1,0,1,4,0,0.924,0,1,0,0,0.765,23.33,1.138,6.555,1.607,0.22,0,0,0,0,0,0,0,0,0,0,0,0,0,4093000,7.7,1,235,2023
"143","Austria",0.00241,143,0.002242,143,0.002623,140,0,0,0,0,0,0,1,0,2,3,0,0.957,0,1,0,0,0.865,23.12,-1.812,6.859,1.659,0.248,0,0,0,0,0,0,0,0,0,0,0,0,0,4093000,6.728,1,305,2023
"144","Switzerland",0.002381,144,0.002231,144,0.002623,141,0,0,0,0,0,0,1,0,1,4,0,0.971,0,1,0,0,1.211,23.08,-0.1271,7.111,1.782,0.367,0,0,0,0,0,0,0,0,0,0,0,0,0,4093000,7.7,1,225,2023
"145","Qatar",0.002364,145,0.002281,141,0.002666,138,0,0,0,1,1,0,0,1,1,1,0,0.109,0,1,0,1,-2.306,21.37,3.943,6.647,2.044,0.708,0,0,0,0,1,0,0,0,0,0,0,0,0,4093000,5.728,1,694,2023
"146","Sweden",0.002296,146,0.002193,146,0.002538,145,0,0,0,0,0,0,1,0,1,4,0,0.9,0,1,0,0,1.475,23.33,-0.6668,6.694,1.364,0.219,0,0,0,0,0,0,0,0,0,0,0,0,0,4093000,7.7,1,380,2023
"147","Bulgaria",0.002282,147,0.002193,145,0.002555,144,0,0,0,0,0,0,1,0,1,4,0,0.775,0,1,0,0,1.343,22.62,2.396,6.89,2.173,0.289,0.002,0,0,0,0,0,0,0,0,0,0,0,0,4093000,7.19,1,355,2023
"148","Albania",0.002242,148,0.002141,148,0.002487,146,0,0,0,1,0,0,1,0,2,4,0,0.86,0,1,0,0,-0.367,21.39,4.634,6.402,2.853,0.139,0,0,0,0,0,0,0,0,0,0,0,0,0,4093000,6.794,1,339,2023
"149","Denmark",0.002081,149,0.002063,150,0.002304,149,0,0,0,0,0,0,1,0,1,4,0,0.981,0,1,0,0,1.574,22.5,1.137,7.005,1.7,0.177,0,0,0,0,0,0,0,0,0,0,0,0,0,4093000,7.7,1,390,2023
"150","Kosovo",0.002048,150,0.002018,153,0.002321,148,0,0,0,0,0,0,1,0,1,4,0,0.865,0,1,0,0,-0.45,20.74,4.027,6.784,2.842,0.22,0,0,0,0,0,0,0,0,0,0,0,0,0,4093000,4,1,347,2023
"151","Armenia",0.002037,151,0.00205,151,0.00228,150,0,0,0,1,0,0,1,0,1,3,0,0.875,0,1,0,0,0.961,21.41,8.798,6.871,2.943,0.045,0,0,0,0,0,0,0,0,0,0,0,0,0,4093000,5.044,1,371,2023
"152","Ireland",0.002027,152,0.002049,152,0.002229,151,0,0,0,0,0,0,1,0,1,4,0,0.977,0,1,0,0,1.416,22.33,-5.686,7.875,1.692,0.174,0,0,0,0,0,0,0,0,0,0,0,0,0,4093000,6.687,1,205,2023
"153","Finland",0.001932,153,0.001997,154,0.002127,152,0,0,0,0,0,0,1,0,1,4,0,0.978,0,1,0,0,2.192,22.41,-1.534,6.364,1.389,0.138,0,0,0,0,0,0,0,0,0,0,0,0,0,4093000,6.741,1,375,2023
"154","Norway",0.001886,154,0.00197,155,0.002053,155,0,0,0,0,0,0,1,0,1,4,0,0.859,0,1,0,0,2.599,22.4,-0.6234,6.316,1.371,0.151,0,0,0,0,0,0,0,0,0,0,0,0,0,4093000,6.895,1,385,2023
"155","Lithuania",0.001869,155,0.001906,158,0.002074,153,0,0,0,0,0,0,1,0,1,4,0,0.824,0,1,0,0,1.112,21.45,-1.733,7.259,1.682,0.284,0,0,0,0,0,0,0,0,0,0,0,0,0,4093000,5.044,1,368,2023
"156","Solomon Islands",0.00183,156,0.001966,156,0.002069,154,0,0,0,0,0,0,1,0,1,4,0,0.853,0,1,0,0,-0.077,19.5,0.7044,6.286,3.81,0.097,0,0,1,0,0,0,0,0,0,0,0,0,0,4093000,5.524,1,940,2023
"157","Latvia",0.001788,157,0.001812,160,0.001998,156,0,0,0,0,0,0,1,0,2,4,0,0.975,0,1,0,0,1.437,20.84,-0.408,7.044,1.703,0.547,0,0,0,0,0,0,0,0,0,0,0,0,0,4093000,5.044,1,367,2023
"158","Cuba",0.001737,158,0.002456,136,0.001935,157,0,0,0,1,1,0,0,0,1,2,0,0.071,0,1,1,0,2.165,23.42,2.176,6.473,2.089,0.517,0,1,0,0,0,0,0,0,0,0.01562,0,0,1,4093000,6.931,1,40,2023
"159","Slovenia",0.001644,159,0.001736,162,0.001833,159,0,0,0,0,0,0,1,0,1,4,0,0.86,0,1,0,0,1.691,21.02,1.158,7.334,1.345,0.258,0,0,0,0,0,0,0,0,0,0,0,0,0,4093000,5.044,1,349,2023
"160","Cape Verde",0.001642,160,0.001768,161,0.001834,158,0,0,0,0,0,0,1,0,1,4,0,0.929,0,1,0,0,0.81,19.19,4.177,6.553,3.136,0.442,0,0,0,0,0,1,0,0,0,0,0,0,0,4093000,5.615,1,402,2023
"161","Trinidad and Tobago",0.001614,161,0.001895,159,0.001469,166,0,0,0,0,0,0,1,0,1,4,0,0.88,0,1,0,1,0.893,20.55,1.844,-0.6188,3.676,0.655,0,1,0,0,0,0,0,0,0,0,0,0,0,4093000,5.954,1,52,2023
"162","Estonia",0.001555,162,0.001666,164,0.001743,160,0,0,0,0,0,0,1,0,1,4,0,0.898,0,1,0,0,1.408,20.38,-4.237,7.287,1.183,0.458,0,0,0,0,0,0,0,0,0,0,0,0,0,4093000,5.044,1,366,2023
"163","Luxembourg",0.001433,163,0.001596,165,0.001562,163,0,0,0,0,0,0,1,0,1,4,0,0.953,0,1,0,0,1.782,19.35,-3.389,8.623,2.108,0.53,0,0,0,0,0,0,0,0,0,0,0,0,0,4093000,7.295,1,212,2023
"164","Jamaica",0.001376,164,0.00196,157,0.001619,161,0,0,0,0,0,0,1,0,1,4,0,0.924,0,1,0,0,1.818,21.43,2.266,-2.928,3.988,0.21,0,1,0,0,0,0,0,0,0,0,0,0,0,4093000,5.954,1,51,2023
"165","Malta",0.00136,165,0.001574,166,0.001508,165,0,0,0,0,0,0,1,0,1,4,0,0.889,0,1,0,0,1.397,19.08,1.395,8.295,2.497,0.04,0,0,0,0,0,0,0,0,0,0,0,0,0,4093000,5.907,1,338,2023
"166","Montenegro",0.001359,166,0.001482,168,0.001603,162,0,0,0,0,0,0,1,0,1,3,0,0.891,0,1,0,0,2.088,19.23,6.16,6.907,1.311,0.7,0.01,0,0,0,0,0,0,0,0,0,0,0,0,4093000,4.17,1,341,2023
"167","Costa Rica",0.001358,167,0.001672,163,0.001531,164,0,0,0,0,0,0,1,0,1,4,0,0.955,0,1,0,0,0.56,22.31,4.48,6.135,2.548,0.398,0,1,0,0,0,0,0,0,0,0,0,0,0,4093000,7.524,1,94,2023
"168","Uruguay",0.001149,168,0.001548,167,0.001281,167,0,0,0,0,0,0,1,0,1,4,0,0.941,0,1,0,0,1.239,21.71,0.3583,5.693,2.366,0.176,0,1,0,0,0,0,0,0,0,0,0,0,0,4093000,7.6,1,165,2023
