"","ewp_name","risk.2024and2025.from2023","rank.2024and2025.from2023","risk.2024only.from2023","riskrank.2024only.from2023","risk.2023and2024.from2022","rank.2023and2024.from2022","widetargeting","narrowtargeting","v2csgender_binary","v2mecenefm_binary","partyban.new.0","partyban.new.1","partyban.new.2","minorityrule","judicialreform","religiousfreedom","pol_killing_approved","freediscussion","social_inequality","even_civilrights","repress_civilsoc","social_power_dist","ses_power_dist","popsize.log2","gdppcgrowth","un_imr_sqrt","efindex","discrimpop","reg.na","reg.eap","reg.sca","reg.mna","reg.eur","ios.iccpr1","battledeaths.log2","coup.try.5yr","mk_ongoing_count_log2","mean_mk_onset_interaction","mk_onset_prev_year","newcountry","mk_ever","year_sq","year","countryage.new.log2","includesnonstate","ccode"
"1","Chad",0.1231,1,0.05693,3,0.1247,2,0,0,0,1,0,1,0,1,0,3,1,0.493,0,0,0,1,-1.215,24.12,0.9594,8.014,0.855,0,0,0,0,0,0,1,5.954,1,0,2,0,0,1,4093000,2023,6,1,483
"2","Sudan",0.1121,2,0.06246,1,0.08825,3,1,0,0,1,0,1,0,1,0,2,0,0.355,0,0,0,1,-0.265,25.52,-3.525,6.018,0.746,0.12,0,0,0,0,0,0,12.38,1,1.585,4,0,0,1,4093000,2023,6.087,1,625
"3","Burma/Myanmar",0.1011,3,0.059,2,0.1548,1,1,0,0,1,1,0,0,1,0,2,1,0.054,1,0,0,1,-1.058,25.7,0.2644,5.638,0.59,0.0605,0,1,0,0,0,0,11.29,1,2,4,0,0,1,4093000,2023,6.248,1,775
"4","Pakistan",0.09988,4,0.04966,4,0.08029,5,1,0,0,1,0,1,0,0,1,2,0,0.554,0,0,0,1,-0.815,27.84,-1.943,7.026,0.748,0.055,0,0,1,0,0,0,10.03,0,1,2,0,0,1,4093000,2023,6.267,1,770
"5","India",0.0822,5,0.03851,6,0.08422,4,0,0,0,1,0,0,1,0,1,2,0,0.582,0,0,0,1,0.006,30.41,6.721,4.756,0.42,0.1195,0,0,1,0,0,0,7.755,0,0,3,0,0,1,4093000,2023,6.267,1,750
"6","Burkina Faso",0.06642,6,0.04308,5,0.05218,13,1,0,0,1,0,1,0,0,1,3,0,0.633,0,0,0,0,1.526,24.47,0.402,7.234,0.767,0,0,0,0,0,0,1,12.17,1,1,1,0,0,1,4093000,2023,6,1,439
"7","Ethiopia",0.06636,7,0.03724,7,0.06349,7,0,1,0,1,0,1,0,1,2,3,0,0.357,0,0,0,1,0.772,26.91,3.849,5.741,0.783,0,0,0,0,0,0,0,10.71,0,1.585,5,0,0,1,4093000,2023,7.401,1,530
"8","Afghanistan",0.06429,8,0.03565,8,0.07594,6,0,0,1,1,1,0,0,1,1,0,1,0.051,1,0,1,1,-2.744,25.33,-8.587,6.63,0.763,0,0,0,1,0,0,0,7.807,0,0,4,0,0,1,4093000,2023,6.714,1,700
"9","Guinea",0.05875,9,0.02663,11,0.06154,9,0,0,0,0,0,1,0,1,1,3,0,0.319,0,0,0,1,-0.22,23.76,4.563,8.09,0.727,0,0,0,0,0,0,1,0,1,0,1,0,0,1,4093000,2023,6.044,1,438
"10","Yemen",0.05703,10,0.02968,10,0.06251,8,0,0,1,1,0,0,1,1,1,0,1,0.319,1,0,0,1,-0.757,25.04,-0.5296,5.681,0.126,0.01,0,0,0,1,0,0,9.646,0,0,0,0,0,1,4093000,2023,5.087,1,679
"11","Nigeria",0.05651,11,0.03255,9,0.05857,10,1,0,0,0,0,0,1,0,1,3,0,0.886,0,0,0,0,-0.222,27.74,0.4412,8.335,0.85,0,0,0,0,0,0,0,11.05,0,1.585,5,0,0,1,4093000,2023,6,1,475
"12","Indonesia",0.05454,12,0.02423,14,0.05518,11,0,0,0,0,0,1,0,0,1,4,0,0.536,0,0,0,1,-0.328,28.05,4.279,4.137,0.803,0,0,1,0,0,0,0,5.907,0,0,5,0,0,1,4093000,2023,6.229,1,850
"13","Bangladesh",0.04895,13,0.02027,18,0.05315,12,0,0,0,1,0,1,0,0,1,4,0,0.284,0,0,0,0,-2.877,27.37,4.694,4.775,0.025,0.112,0,0,1,0,0,0,0,0,0,2,0,0,1,4093000,2023,5.728,1,771
"14","Democratic Republic of Congo",0.04538,14,0.02544,13,0.04926,15,1,0,0,1,0,0,1,0,1,3,0,0.482,0,0,0,1,-0.692,26.61,5.108,7.024,0.7,0.02,0,0,0,0,0,1,9.047,0,1,6,0,0,1,4093000,2023,6,1,490
"15","Iran",0.04125,15,0.01905,20,0.03591,23,0,0,1,1,0,1,0,1,1,1,0,0.241,1,0,1,1,0.61,26.41,4.22,3.141,0.743,0.1545,0,0,0,1,0,0,5.129,0,0,2,0,0,1,4093000,2023,7.7,1,630
"16","Niger",0.04052,16,0.02551,12,0.03563,24,0,0,0,0,0,0,1,0,2,3,0,0.883,0,0,0,1,0.981,24.7,-1.249,8.035,0.666,0,0,0,0,0,0,1,8.34,1,0,0,0,0,0,4093000,2023,6,1,436
"17","Iraq",0.03878,17,0.02059,16,0.04221,18,1,0,0,1,0,1,0,0,1,3,0,0.525,0,0,0,1,-0.021,25.44,-5.087,4.361,0.446,0,0,0,0,1,0,0,7.672,0,1,6,0,0,1,4093000,2023,6.524,1,645
"18","South Sudan",0.03684,18,0.0173,23,0.03966,20,1,0,1,1,0,1,0,1,1,3,0,0.171,1,0,0,1,-1.244,23.4,-10.64,7.988,0.73,0.04,0,0,0,0,0,0,0,0,1.585,1,0,0,1,4093000,2023,3.7,1,626
"19","Philippines",0.03651,19,0.02008,19,0.04821,16,1,0,0,1,0,0,1,1,1,4,0,0.631,0,0,0,1,-0.777,26.81,3.946,4.551,0.807,0,0,1,0,0,0,1,7.877,0,1,4,0,0,1,4093000,2023,6.285,1,840
"20","Russia",0.03342,20,0.01875,22,0.03043,31,0,0,0,1,0,1,0,0,0,2,0,0.295,0,0,0,1,-1.452,27.1,-2.162,1.882,0.376,0.0032,0,0,0,0,1,1,6.615,0,0,2,0,0,1,4093000,2023,7.7,1,365
"21","Rwanda",0.03281,21,0.01674,24,0.03123,30,0,0,0,1,0,1,0,1,1,3,0,0.156,0,0,0,1,-0.561,23.75,5.799,5.245,0.28,0,0,0,0,0,0,0,7.055,0,0,4,0,0,1,4093000,2023,5.954,1,517
"22","Mali",0.0327,22,0.0229,15,0.03794,22,0,0,0,1,0,0,1,0,1,3,0,0.674,0,0,0,0,1.475,24.47,2.074,7.796,0.852,0,0,0,0,0,0,1,10.3,1,0,0,0,0,0,4093000,2023,6,1,432
"23","Turkey",0.03099,23,0.01887,21,0.03456,25,0,0,1,1,0,0,1,0,0,2,0,0.186,0,0,0,1,-0.171,26.35,4.093,3.027,0.521,0.1866,0,0,0,0,1,1,8.455,0,0,1,0,0,1,4093000,2023,7.7,1,640
"24","Egypt",0.02892,24,0.01337,31,0.03974,19,0,0,1,1,0,1,0,0,1,2,0,0.129,0,0,0,1,-0.306,26.75,2.17,3.815,0.041,0,0,0,0,1,0,1,0,0,0,1,0,0,1,4093000,2023,6.672,1,651
"25","Tajikistan",0.02845,25,0.01316,33,0.05012,14,0,0,0,1,0,1,0,1,1,0,0,0.045,0,0,0,1,-1.972,23.27,6.263,4.95,0.367,0,0,0,1,0,0,1,0,0,0,1,0,0,1,4093000,2023,5.044,1,702
"26","China",0.0284,26,0.01371,28,0.03031,32,0,0,0,1,1,0,0,1,1,0,0,0.087,1,0,0,1,-0.188,30.39,5.309,2.259,0.19,0.0134,0,1,0,0,0,0,0,0,0,3,0,0,1,4093000,2023,7.7,1,710
"27","Mozambique",0.02836,27,0.01662,26,0.03141,29,0,0,0,1,0,0,1,0,1,4,0,0.584,0,0,0,0,1.128,25.01,2.126,7.053,0.69,0,0,0,0,0,0,0,7.468,0,0,1,0,0,1,4093000,2023,5.615,1,541
"28","Somalia",0.02817,28,0.02037,17,0.03452,26,1,0,1,1,0,0,1,0,1,2,0,0.69,0,0,0,0,-0.098,24.11,0.000976,8.141,0.222,0,0,0,0,0,0,1,11.91,0,1,3,0,0,1,4093000,2023,6,1,520
"29","Angola",0.02675,29,0.01346,30,0.0329,27,0,0,0,0,0,0,1,0,1,3,0,0.637,0,0,0,1,-0.313,25.13,-2.155,6.974,0.779,0,0,0,0,0,0,1,0,0,0,1,0,0,1,4093000,2023,5.615,1,540
"30","Thailand",0.02661,30,0.01366,29,0.0271,36,0,0,0,1,0,0,1,1,1,4,0,0.469,0,0,0,1,-0.006,26.1,1.735,2.491,0.352,0.05,0,1,0,0,0,0,4.954,0,0,1,0,0,1,4093000,2023,7.7,1,800
"31","Republic of Congo",0.02639,31,0.0124,36,0.02715,34,0,0,0,1,0,0,1,0,1,3,1,0.114,0,0,0,1,-0.189,22.54,-0.37,5.368,0.704,0,0,0,0,0,0,1,0,0,0,3,0,0,1,4093000,2023,6,1,484
"32","Uganda",0.02619,32,0.01264,34,0.03143,28,0,0,0,1,0,0,1,1,1,3,0,0.51,0,0,0,1,-0.211,25.53,2.345,5.367,0.883,0.059,0,0,0,0,0,1,0,0,0,3,0,0,1,4093000,2023,5.954,1,500
"33","Cambodia",0.02536,33,0.01117,40,0.0271,35,0,0,0,1,0,1,0,1,1,3,0,0.286,0,0,0,1,-1.049,24.01,4.299,4.38,0.158,0.008,0,1,0,0,0,0,0,0,0,2,0,0,1,4093000,2023,6.15,1,811
"34","Central African Republic",0.02532,34,0.01654,27,0.04571,17,1,0,0,1,0,0,1,0,0,4,0,0.312,0,0,0,1,0.604,22.45,-1.996,8.276,0.79,0,0,0,0,0,0,1,8.033,0,1,1,0,0,1,4093000,2023,6,1,482
"35","Ivory Coast",0.0253,35,0.01249,35,0.02686,37,0,0,0,0,0,0,1,0,1,4,0,0.684,0,0,0,1,0.031,24.78,3.907,7.187,0.731,0,0,0,0,0,0,1,0,0,0,1,0,0,1,4093000,2023,6,1,437
"36","Laos",0.02481,36,0.0121,37,0.0273,33,0,0,0,1,1,0,0,1,1,2,1,0.062,0,0,0,1,-0.085,22.86,2.328,5.632,0.634,0.08,0,1,0,0,0,0,0,0,0,2,0,0,1,4093000,2023,6.229,1,812
"37","South Africa",0.02355,37,0.01188,38,0.02483,38,0,0,0,0,0,0,1,0,1,4,0,0.834,0,0,0,1,1.294,25.85,-0.2653,5.277,0.856,0,0,0,0,0,0,1,0,0,0,1,0,0,1,4093000,2023,6.833,1,560
"38","Jordan",0.02334,38,0.01117,41,0.01101,71,0,0,0,1,0,0,1,1,1,3,0,0.702,0,0,0,1,0.572,23.43,2.152,3.428,0.044,0.5,0,0,0,1,0,0,0,0,0,1,0,0,1,4093000,2023,6.248,1,663
"39","Syria",0.02298,39,0.01672,25,0.03914,21,1,0,0,1,1,0,0,1,0,1,0,0.073,1,0,0,1,-2.162,24.47,-6.012,4.091,0.213,0,0,0,0,1,0,0,10.56,0,1.585,3,0,0,1,4093000,2023,6.285,1,652
"40","Burundi",0.02278,40,0.0115,39,0.01605,51,0,0,0,1,0,1,0,1,1,4,1,0.189,0,1,0,1,0.759,23.66,-0.007285,5.95,0.308,0,0,0,0,0,0,0,6.539,0,0,2,0,0,1,4093000,2023,5.954,1,516
"41","Tanzania",0.02184,41,0.01079,45,0.0226,40,0,0,0,0,0,0,1,0,1,3,0,0.878,0,0,0,0,0.891,26.01,1.527,5.378,0.591,0,0,0,0,0,0,0,0,0,0,1,0,0,1,4093000,2023,5.977,1,510
"42","Malawi",0.02148,42,0.01095,43,0.02221,41,0,0,0,0,0,0,1,0,1,4,0,0.784,0,0,0,1,-0.69,24.32,-1.014,5.436,0.791,0,0,0,0,0,0,1,0,0,0,1,0,0,1,4093000,2023,5.907,1,553
"43","Cameroon",0.0211,43,0.01331,32,0.02345,39,0,0,0,1,0,0,1,1,1,4,0,0.696,0,0,0,1,-0.393,24.77,1.333,6.885,0.86,0,0,0,0,0,0,1,8.492,0,0,0,0,0,0,4093000,2023,5.977,1,471
"44","Nepal",0.02019,44,0.01092,44,0.02196,42,0,0,0,0,0,0,1,0,1,3,0,0.842,0,0,0,0,0.836,24.88,0.8009,4.68,0.86,0,0,0,1,0,0,1,0,0,0,2,0,0,1,4093000,2023,7.7,1,790
"45","Eritrea",0.01983,45,0.009728,49,0.01373,59,0,0,1,1,1,0,0,1,1,1,1,0.103,0,0,1,1,0.472,21.84,6.652,5.205,0.659,0.11,0,0,0,0,0,0,0,0,0,0,0,0,1,4093000,2023,4.954,1,531
"46","Algeria",0.01913,46,0.009868,47,0.02012,43,0,0,0,1,0,0,1,0,1,1,0,0.536,0,0,0,1,1.037,25.44,2.495,4.219,0.372,0,0,0,0,1,0,1,0,0,0,2,0,0,1,4093000,2023,5.954,1,615
"47","Guinea-Bissau",0.01833,47,0.01029,46,0.01983,44,0,0,0,1,0,0,1,1,1,4,0,0.748,0,0,0,1,-0.249,21.04,2.054,6.995,0.808,0,0,0,0,0,0,1,0,1,0,0,0,0,0,4093000,2023,5.644,1,404
"48","Kenya",0.01831,48,0.01107,42,0.01909,46,0,0,0,0,0,0,1,0,1,4,0,0.92,0,0,0,0,1.048,25.72,3.373,5.445,0.855,0.06,0,0,0,0,0,0,7.622,0,0,0,0,0,0,4093000,2023,5.931,1,501
"49","Gabon",0.01736,49,0.009259,50,0.01825,49,0,0,0,1,0,0,1,1,1,4,0,0.945,0,0,0,1,0.6,21.22,0.2665,5.241,0.789,0,0,0,0,0,0,0,0,1,0,0,0,0,0,4093000,2023,5.883,1,481
"50","Zimbabwe",0.01729,50,0.007593,57,0.01782,50,0,0,0,1,0,0,1,1,1,4,1,0.262,0,1,0,1,-1.632,23.99,2.784,5.762,0.415,0.01,0,0,0,0,0,0,0,0,0,2,0,0,1,4093000,2023,5.883,1,552
"51","Sierra Leone",0.01729,51,0.009774,48,0.01974,45,0,0,0,0,0,0,1,0,1,4,0,0.881,0,0,0,0,1.041,23.07,1.25,8.463,0.801,0,0,0,0,0,0,1,0,0,0,1,0,0,1,4093000,2023,5.977,1,451
"52","Liberia",0.01697,52,0.008862,53,0.01855,48,0,0,0,0,0,0,1,0,1,4,0,0.943,0,0,0,0,0.623,22.37,2.475,7.479,0.889,0,0,0,0,0,0,0,0,0,0,2,0,0,1,4093000,2023,7.468,1,450
"53","Democratic Republic of Vietnam",0.0168,53,0.008989,51,0.01875,47,0,0,0,1,1,0,0,1,1,1,0,0.328,0,0,1,1,1.158,26.56,4.332,3.882,0.263,0,0,1,0,0,0,0,0,0,0,2,0,0,1,4093000,2023,6.129,1,816
"54","Papua New Guinea",0.01483,54,0.008011,54,0.01582,53,0,0,0,0,0,0,1,0,1,4,0,0.86,0,0,0,0,0.759,23.3,0.8191,5.67,0.27,0,0,1,0,0,0,0,0,0,0,1,0,0,1,4093000,2023,5.615,1,910
"55","Mauritania",0.01475,55,0.007275,59,0.01603,52,0,0,0,0,0,1,0,1,1,1,0,0.78,1,0,0,1,-0.82,22.21,0.6868,5.548,0.713,0,0,0,0,0,0,0,0,0,0,0,0,0,0,4093000,2023,6,1,435
"56","Madagascar",0.01434,56,0.007833,55,0.01582,54,0,0,0,0,0,0,1,0,1,4,0,0.695,0,0,0,1,-0.543,24.85,1.537,6.709,0.194,0,0,0,0,0,0,1,0,0,0,0,0,0,0,4093000,2023,6,1,580
"57","Libya",0.01399,57,0.007832,56,0.01436,57,0,0,1,0,0,1,0,0,1,1,0,0.451,0,0,0,0,-0.027,22.72,-2.758,4.004,0.259,0,0,0,0,1,0,1,0,0,0,1,0,0,1,4093000,2023,6.19,1,620
"58","Colombia",0.01345,58,0.00896,52,0.01531,55,0,0,0,0,0,0,1,0,1,4,0,0.754,0,0,0,1,0.609,25.63,0.2043,3.136,0.639,0,1,0,0,0,0,1,6.459,0,0,2,0,0,1,4093000,2023,7.6,1,100
"59","Equatorial Guinea",0.01274,59,0.007335,58,0.01459,56,0,0,1,1,0,1,0,1,1,3,0,0.299,0,0,0,1,-0.998,20.71,-7.879,7.273,0.35,0.115,0,0,0,0,0,1,0,0,0,0,0,0,0,4093000,2023,5.807,1,411
"60","Morocco",0.01268,60,0.006766,61,0.0135,60,0,0,0,1,0,0,1,0,2,1,0,0.635,0,0,0,1,-0.398,25.17,0.2155,3.785,0.566,0.016,0,0,0,1,0,1,0,0,0,0,0,0,0,4093000,2023,6.087,1,600
"61","Bahrain",0.01245,61,0.006138,68,0.00818,83,0,0,0,1,0,1,0,1,1,2,0,0.252,1,0,0,1,-1.806,20.5,1.566,2.309,0.582,0.35,0,0,0,1,0,0,0,0,0,0,0,0,0,4093000,2023,5.728,1,692
"62","Kyrgystan",0.01193,62,0.006615,63,0.01323,61,0,0,0,1,0,0,1,0,1,3,0,0.679,0,0,0,1,-0.098,22.76,4.269,3.777,0.487,0.138,0,0,1,0,0,1,0,0,0,0,0,0,0,4093000,2023,5.044,1,703
"63","Senegal",0.01133,63,0.006322,66,0.004559,113,0,0,0,0,0,1,0,0,1,4,0,0.901,0,0,0,0,1.137,24.08,1.092,4.914,0.747,0,0,0,0,0,0,1,0,0,0,0,0,0,0,4093000,2023,6,1,433
"64","Togo",0.01106,64,0.007211,60,0.01305,62,0,0,0,1,0,0,1,0,1,4,0,0.406,0,0,0,0,0.37,23.11,3.997,6.431,0.88,0,0,0,0,0,0,1,4.755,0,0,0,0,0,0,4093000,2023,6,1,461
"65","Ukraine",0.01034,65,0.006639,62,0.01419,58,0,0,0,1,0,1,0,0,1,3,0,0.689,0,0,0,0,-0.505,25.14,-17.13,2.428,0.37,0,0,0,0,0,1,1,0,0,0,0,0,0,0,4093000,2023,5.044,1,369
"66","Peru",0.01031,66,0.006121,69,0.01143,69,0,0,0,0,0,0,1,0,1,4,0,0.921,0,0,0,1,0.366,25.03,-1.428,3.419,0.618,0,1,0,0,0,0,1,0,0,0,1,0,0,1,4093000,2023,7.644,1,135
"67","Georgia",0.01021,67,0.005941,71,0.01143,68,0,0,0,0,0,0,1,0,1,3,0,0.794,0,0,0,1,0.338,21.84,6.107,2.853,0.367,0,0,0,0,0,1,1,0,0,0,1,0,0,1,4093000,2023,5.044,1,372
"68","Uzbekistan",0.01015,68,0.006331,65,0.01198,65,0,0,0,1,1,0,0,1,1,2,0,0.413,0,0,0,1,-0.317,25.12,3.764,3.337,0.313,0,0,0,1,0,0,1,0,0,0,0,0,0,0,4093000,2023,5.044,1,704
"69","Zambia",0.01012,69,0.005968,70,0.01155,67,0,0,0,0,0,0,1,0,1,4,0,0.887,0,0,0,0,1.095,24.29,2.992,6.184,0.706,0,0,0,0,0,0,1,0,0,0,0,0,0,0,4093000,2023,5.907,1,551
"70","Lebanon",0.01006,70,0.005357,75,0.01062,73,0,0,0,0,0,0,1,0,1,4,0,0.676,0,0,0,1,-0.961,22.35,2.383,3.964,0.133,0.1,0,0,0,1,0,0,0,0,0,0,0,0,0,4093000,2023,6.322,1,660
"71","North Korea",0.01003,71,0.005366,74,0.01181,66,1,0,1,1,1,0,0,1,1,0,1,0.018,0,1,1,1,-0.979,24.64,-0.4186,3.813,0.02,0,0,1,0,0,0,0,0,0,1,1,0,0,1,4093000,2023,6.248,1,731
"72","Nicaragua",0.009947,72,0.006171,67,0.01245,63,0,0,0,1,1,0,0,1,0,1,1,0.025,1,0,0,1,-1.261,22.75,3.117,3.502,0.544,0,1,0,0,0,0,1,0,0,0,2,0,0,1,4093000,2023,7.524,1,93
"73","Bosnia and Herzegovina",0.009662,73,0.00575,72,0.01085,72,0,0,0,1,0,0,1,0,1,4,0,0.72,0,0,0,1,0.818,21.61,2.394,2.308,0.637,0.01,0,0,0,0,1,1,0,0,0,0,0,0,1,4093000,2023,5,1,346
"74","Djibouti",0.009661,74,0.005291,76,0.01112,70,0,0,0,1,0,1,0,0,1,3,0,0.53,0,0,0,1,-0.461,20.12,5.212,6.025,0.649,0,0,0,0,0,0,1,0,0,0,0,0,0,0,4093000,2023,5.555,1,522
"75","Azerbaijan",0.008626,75,0.006357,64,0.009926,75,0,0,0,1,0,0,1,1,1,2,0,0.354,0,1,0,1,-1.709,23.27,1.416,3.866,0.122,0,0,0,0,0,1,1,8.855,0,0,1,0,0,1,4093000,2023,5.044,1,373
"76","Brazil",0.008325,76,0.004772,79,0.01016,74,0,0,0,0,0,0,1,0,1,4,0,0.869,0,0,0,0,0.312,27.69,2.381,3.472,0.559,0,1,0,0,0,0,0,0,0,0,0,0,0,0,4093000,2023,7.658,1,140
"77","Sri Lanka",0.008297,77,0.004885,78,0.009505,76,0,0,0,0,0,0,1,0,0,3,0,0.736,0,1,0,1,0.564,24.39,-1.66,2.258,0.323,0.11,0,0,1,0,0,1,0,0,0,4,0,0,1,4093000,2023,6.248,1,780
"78","Namibia",0.007956,78,0.004704,81,0.008872,80,0,0,0,0,0,0,1,0,1,4,0,0.847,0,0,0,1,0.516,21.31,2.674,5.215,0.76,0,0,0,0,0,0,1,0,0,0,0,0,0,0,4093000,2023,5.087,1,565
"79","United States of America",0.007951,79,0.004563,82,0.009295,78,0,0,0,0,0,0,1,0,1,4,0,0.927,0,0,0,0,0.75,28.32,2.04,2.298,0.527,0,1,0,0,0,0,0,0,0,0,0,0,0,0,4093000,2023,7.7,1,2
"80","Mexico",0.007927,80,0.004716,80,0.009189,79,0,0,0,1,0,0,1,0,1,4,0,0.805,0,0,0,1,0.582,26.94,2.464,3.217,0.587,0,1,0,0,0,0,1,0,0,0,0,0,0,0,4093000,2023,7.665,1,70
"81","Venezuela",0.007801,81,0.004471,83,0.009318,77,0,0,0,1,0,1,0,1,1,3,0,0.282,0,0,0,1,0.985,24.78,6.577,3.964,0.52,0,1,0,0,0,0,1,0,0,0,0,0,0,0,4093000,2023,7.607,1,101
"82","Bhutan",0.007434,82,0.004445,84,0.008603,81,0,0,0,0,0,0,1,0,1,2,0,0.734,0,0,0,0,1.344,19.59,4.546,4.398,0.651,0.2,0,0,1,0,0,0,0,0,0,0,0,0,0,4093000,2023,6.229,1,760
"83","Argentina",0.007369,83,0.004921,77,0.008585,82,0,0,0,0,0,0,1,0,1,4,0,0.936,0,0,0,0,1.637,25.48,-2.436,2.997,0.158,0,1,0,0,0,0,1,0,0,0,1,0,0,1,4093000,2023,7.7,1,160
"84","Botswana",0.007043,84,0.004226,86,0.00365,126,0,0,0,0,0,0,1,0,1,4,0,0.842,0,0,0,0,0.357,21.35,1.001,5.328,0.395,0,0,0,0,0,0,0,0,0,0,0,0,0,0,4093000,2023,5.858,1,571
"85","United Arab Emirates",0.006999,85,0.0042,87,0.008026,84,0,0,0,1,1,0,0,1,1,3,0,0.366,0,0,0,1,-0.77,23.18,2.581,2.205,0.684,0,0,0,0,1,0,0,0,0,0,0,0,0,0,4093000,2023,5.728,1,696
"86","Fiji",0.006818,86,0.003819,88,0.007458,86,0,0,0,0,0,0,1,0,1,3,0,0.779,0,0,0,1,0.538,19.84,7.264,4.781,0.528,0,0,1,0,0,0,0,0,0,0,0,0,0,0,4093000,2023,5.755,1,950
"87","Israel",0.006734,87,0.005566,73,0.005802,97,0,0,0,0,0,0,1,0,1,4,0,0.898,0,1,0,0,0.747,23.22,-0.08541,1.668,0.376,0.43,0,0,0,1,0,0,14.48,0,0,0,0,0,0,4093000,2023,6.248,1,666
"88","Kazakhstan",0.006728,88,0.003678,91,0.007745,85,0,0,0,1,0,1,0,1,2,2,0,0.52,0,1,0,1,0.245,24.25,3.699,2.85,0.538,0,0,0,1,0,0,1,0,0,0,0,0,0,0,4093000,2023,5.044,1,705
"89","El Salvador",0.006634,89,0.004248,85,0.006761,89,0,0,0,1,0,0,1,0,0,4,0,0.411,0,0,0,1,0.042,22.6,3.047,3.084,0.165,0,1,0,0,0,0,1,0,0,0,2,0,0,1,4093000,2023,7.524,1,92
"90","Guatemala",0.005874,90,0.003753,90,0.007047,87,0,0,0,1,0,0,1,1,1,4,0,0.784,0,0,0,1,0.196,24.07,2.047,4.2,0.511,0,1,0,0,0,0,1,0,0,0,0,0,0,0,4093000,2023,7.524,1,90
"91","Mauritius",0.005715,91,0.00347,94,0.00639,93,0,0,0,1,0,0,1,0,1,4,0,0.763,0,0,0,1,0.473,20.27,7.078,3.591,0.466,0,0,0,0,0,0,1,0,0,0,0,0,0,0,4093000,2023,5.807,1,590
"92","Eswatini",0.005597,92,0.00367,92,0.006936,88,0,0,1,1,1,0,0,1,1,3,0,0.07,0,0,1,1,0.314,20.21,4.05,6.13,0.39,0,0,0,0,0,0,0,0,0,0,0,0,0,0,4093000,2023,5.672,1,572
"93","Comoros",0.005465,93,0.003533,93,0.006423,90,0,0,0,1,0,0,1,0,1,3,0,0.273,0,0,0,0,1.027,19.7,0.8569,6.097,0.054,0,0,0,0,0,0,0,0,0,0,0,0,0,0,4093000,2023,5.615,1,581
"94","South Korea",0.005349,94,0.003296,98,0.005903,95,0,0,0,1,0,0,1,0,1,4,0,0.887,0,1,0,0,0.482,25.62,1.278,1.44,0.095,0,0,1,0,0,0,1,0,0,0,1,0,0,1,4093000,2023,6.248,1,732
"95","Benin",0.005348,95,0.003817,89,0.006405,92,0,0,0,0,0,0,1,0,1,4,0,0.78,0,1,0,0,0.889,23.71,3.561,7.233,0.764,0,0,0,0,0,0,1,4.858,0,0,0,0,0,0,4093000,2023,6,1,434
"96","Haiti",0.005341,96,0.003334,97,0.006406,91,0,0,0,1,0,0,1,1,1,4,0,0.645,0,1,0,1,-0.859,23.48,-3.034,6.586,0.105,0,1,0,0,0,0,0,0,0,0,2,0,0,1,4093000,2023,6.492,1,41
"97","Ecuador",0.005181,97,0.003379,95,0.006167,94,0,0,0,0,0,0,1,0,1,4,0,0.851,0,0,0,1,0.867,24.12,1.289,3.106,0.528,0,1,0,0,0,0,1,0,0,0,0,0,0,0,4093000,2023,7.6,1,130
"98","Timor-Leste",0.00506,98,0.003372,96,0.005715,98,0,0,0,0,0,0,1,0,2,4,0,0.858,0,1,0,0,0.505,20.38,-15.57,6.129,0.802,0,0,1,0,0,0,0,0,0,0,0,0,0,1,4093000,2023,4.459,1,860
"99","Malaysia",0.004921,99,0.002738,110,0.01207,64,0,0,0,1,0,0,1,0,1,2,0,0.718,0,1,0,1,0.835,25.03,2.561,2.528,0.57,0,0,1,0,0,0,0,0,0,0,0,0,0,0,4093000,2023,6.066,1,820
"100","Honduras",0.004902,100,0.003241,99,0.005863,96,0,0,0,0,0,0,1,0,1,4,0,0.902,0,0,0,1,-0.118,23.34,2.009,3.599,0.229,0,1,0,0,0,0,1,0,0,0,0,0,0,0,4093000,2023,7.524,1,91
"101","Ghana",0.00481,101,0.003018,104,0.005585,99,0,0,0,0,0,0,1,0,2,4,0,0.92,0,1,0,0,0.754,25.02,0.9955,5.54,0.736,0,0,0,0,0,0,1,0,0,0,0,0,0,0,4093000,2023,6.066,1,452
"102","Hungary",0.00475,102,0.003073,101,0.005542,100,0,0,0,1,0,0,1,0,1,4,0,0.828,0,1,0,1,0.362,23.19,-0.3582,1.786,0.232,0,0,0,0,0,1,1,0,0,0,1,0,0,1,4093000,2023,6.728,1,310
"103","Saudi Arabia",0.004619,103,0.002972,106,0.005478,102,0,0,1,1,1,0,0,1,1,1,0,0.149,1,1,0,1,-1.573,25.14,-2.201,2.249,0.224,0.17,0,0,0,1,0,0,0,0,0,0,0,0,0,4093000,2023,6.524,1,670
"104","Romania",0.004539,104,0.00302,103,0.005449,103,0,0,0,0,0,0,1,0,1,4,0,0.968,0,1,0,0,0.373,24.18,2.1,2.202,0.207,0,0,0,0,0,1,1,0,0,0,2,0,0,1,4093000,2023,7.19,1,360
"105","Paraguay",0.004532,105,0.003023,102,0.005542,101,0,0,0,0,0,0,1,1,1,4,0,0.803,0,0,0,1,-0.184,22.71,3.481,3.739,0.179,0,1,0,0,0,0,1,0,0,0,0,0,0,0,4093000,2023,7.7,1,150
"106","Panama",0.004498,106,0.002906,108,0.005369,104,0,0,0,0,0,0,1,0,1,4,0,0.917,0,0,0,1,-0.642,22.09,5.888,3.544,0.612,0,1,0,0,0,0,1,0,0,0,0,0,0,0,4093000,2023,6.919,1,95
"107","Serbia",0.004492,107,0.002883,109,0.005227,108,0,0,0,1,0,0,1,0,1,4,0,0.783,0,1,0,1,0.946,22.66,3.247,2.041,0.396,0.004,0,0,0,0,1,1,0,0,0,4,0,0,1,4093000,2023,6.728,1,345
"108","Canada",0.004439,108,0.003085,100,0.005327,105,0,0,0,0,0,0,1,0,1,4,0,0.92,0,0,0,0,1.539,25.26,-1.855,2.065,0.73,0,1,0,0,0,0,1,0,0,0,0,0,0,0,4093000,2023,7.295,1,20
"109","Poland",0.004253,109,0.002966,107,0.00524,106,0,0,0,1,0,0,1,0,0,4,0,0.78,0,1,0,0,2.354,25.13,0.5316,1.786,0.069,0,0,0,0,0,1,1,0,0,0,1,0,0,1,4093000,2023,6.728,1,290
"110","Turkmenistan",0.004154,110,0.002973,105,0.005232,107,0,0,0,1,1,0,0,1,1,0,0,0.119,0,1,0,1,-1.933,22.64,0.3656,5.637,0.255,0,0,0,1,0,0,1,0,0,0,0,0,0,0,4093000,2023,5.044,1,701
"111","Maldives",0.004154,111,0.002689,111,0.004738,110,0,0,0,0,0,0,1,1,1,0,0,0.804,0,0,0,1,-0.482,18.99,4.525,2.076,0.059,0,0,1,0,0,0,1,0,0,0,0,0,0,0,4093000,2023,5.883,1,781
"112","Japan",0.004091,112,0.002443,116,0.00471,111,0,0,0,0,0,0,1,0,1,4,0,0.881,0,1,0,0,1.373,26.89,2.421,1.284,0.019,0,0,1,0,0,0,0,0,0,0,0,0,0,0,4093000,2023,7.7,1,740
"113","United Kingdom",0.004007,113,0.002538,115,0.004843,109,0,0,0,0,0,0,1,0,1,4,0,0.971,0,1,0,0,0.714,26.03,-0.7147,1.924,0.399,0,0,0,0,0,1,0,0,0,0,0,0,0,0,4093000,2023,7.7,1,200
"114","Croatia",0.003885,114,0.002573,113,0.004622,112,0,0,0,0,0,0,1,0,1,4,0,0.892,0,1,0,1,0.646,21.88,3.126,1.872,0.171,0,0,0,0,0,1,1,0,0,0,0,0,0,1,4093000,2023,5.044,1,344
"115","Czech Republic",0.003629,115,0.002581,112,0.004373,114,0,0,0,0,0,0,1,0,1,4,0,0.969,0,1,0,0,1.375,23.37,-2.159,1.492,0.262,0,0,0,0,0,1,1,0,0,0,0,0,0,1,4093000,2023,4.954,1,316
"116","Chile",0.003624,116,0.002423,117,0.004306,115,0,0,0,0,0,0,1,0,1,4,0,0.973,0,1,0,1,1.002,24.23,0.08677,2.034,0.439,0.099,1,0,0,0,0,1,0,0,0,1,0,0,1,4093000,2023,7.687,1,155
"117","Cyprus",0.003557,117,0.002544,114,0.004155,117,0,0,0,0,0,0,1,0,2,4,0,0.912,0,0,0,0,1.296,20.27,3.637,1.766,0.347,0,0,0,0,0,1,1,0,0,0,0,0,0,0,4093000,2023,6,1,352
"118","The Gambia",0.00353,118,0.002279,122,0.004117,119,0,0,0,0,0,0,1,0,1,4,0,0.851,0,1,0,1,0.646,21.4,2.745,5.43,0.762,0,0,0,0,0,0,1,0,0,0,0,0,0,0,4093000,2023,5.883,1,420
"119","Slovakia",0.003356,119,0.002385,118,0.0041,120,0,0,0,0,0,0,1,0,1,4,0,0.961,0,1,0,0,1.23,22.37,1.69,2.125,0.241,0,0,0,0,0,1,1,0,0,0,0,0,0,1,4093000,2023,4.954,1,317
"120","Germany",0.003332,120,0.002349,120,0.00412,118,0,0,0,0,0,0,1,0,1,4,0,0.976,0,1,0,0,1.572,26.33,-1.112,1.723,0.189,0,0,0,0,0,1,1,0,0,0,0,0,0,0,4093000,2023,7.304,1,255
"121","Dominican Republic",0.003323,121,0.00237,119,0.004176,116,0,0,0,0,0,0,1,0,1,4,0,0.956,0,1,0,0,0.349,23.43,1.42,5.062,0.453,0.023,1,0,0,0,0,1,0,0,0,1,0,0,1,4093000,2023,7.492,1,42
"122","France",0.003284,122,0.002304,121,0.004091,121,0,0,0,0,0,0,1,0,1,4,0,0.947,0,1,0,0,1.155,26.02,0.4099,1.872,0.1,0.006,0,0,0,0,1,1,0,0,0,0,0,0,0,4093000,2023,7.7,1,220
"123","Spain",0.003244,123,0.002222,123,0.004007,122,0,0,0,0,0,0,1,0,1,4,0,0.934,0,1,0,0,1.161,25.53,1.242,1.545,0.669,0,0,0,0,0,1,1,0,0,0,0,0,0,0,4093000,2023,7.7,1,230
"124","Guyana",0.003162,124,0.001917,130,0.003925,123,0,0,0,0,0,0,1,0,1,4,0,0.833,0,0,0,1,1.424,19.63,32.18,4.619,0.695,0,1,0,0,0,0,1,0,0,0,0,0,0,0,4093000,2023,5.858,1,110
"125","Mongolia",0.003116,125,0.001963,127,0.003511,128,0,0,0,0,0,0,1,0,2,4,0,0.777,0,1,0,1,-0.593,21.72,5.508,3.248,0.315,0,0,1,0,0,0,1,0,0,0,0,0,0,0,4093000,2023,6.687,1,712
"126","Singapore",0.003015,126,0.001899,132,0.003373,129,0,0,0,1,0,0,1,0,1,3,0,0.745,0,1,0,1,0.906,22.5,-3.718,1.314,0.395,0,0,1,0,0,0,0,0,0,0,0,0,0,0,4093000,2023,5.883,1,830
"127","Lesotho",0.003003,127,0.002184,124,0.003706,125,0,0,0,0,0,0,1,0,1,4,0,0.851,0,1,0,0,1.063,21.15,-0.1623,7.518,0.313,0,0,0,0,0,0,1,0,0,0,0,0,0,0,4093000,2023,5.858,1,570
"128","Italy",0.002981,128,0.002119,125,0.00373,124,0,0,0,0,0,0,1,0,1,4,0,0.937,0,1,0,0,1.701,25.81,1.229,1.498,0.11,0.001,0,0,0,0,1,1,0,0,0,0,0,0,0,4093000,2023,7.7,1,325
"129","Australia",0.002979,129,0.002015,126,0.003546,127,0,0,0,0,0,0,1,0,1,4,0,0.943,0,1,0,0,0.819,24.67,0.6033,1.786,0.276,0,0,1,0,0,0,1,0,0,0,0,0,0,0,4093000,2023,6.943,1,900
"130","New Zealand",0.002853,130,0.001908,131,0.003292,131,0,0,0,0,0,0,1,0,1,4,0,0.981,0,1,0,1,0.669,22.32,-1.408,2.084,0.485,0,0,1,0,0,0,1,0,0,0,0,0,0,0,4093000,2023,6.87,1,920
"131","Greece",0.00279,131,0.001949,128,0.002776,143,0,0,0,0,0,1,0,0,1,3,0,0.869,0,1,0,0,2.284,23.3,2.658,1.823,0.167,0.03,0,0,0,0,1,1,0,0,0,0,0,0,0,4093000,2023,7.615,1,350
"132","Kuwait",0.002778,132,0.001932,129,0.003259,132,0,0,0,0,1,0,0,0,1,3,0,0.577,0,1,0,1,-0.583,22.04,-3.165,2.692,0.765,0.03,0,0,0,1,0,0,0,0,0,0,0,0,0,4093000,2023,5.883,1,690
"133","Belarus",0.002772,133,0.001861,135,0.002825,140,0,0,0,1,0,1,0,0,1,2,0,0.029,0,1,1,0,0.901,23.13,4.45,1.38,0.309,0.031,0,0,0,0,1,1,0,0,0,0,0,0,0,4093000,2023,5.044,1,370
"134","Oman",0.002758,134,0.001896,133,0.003331,130,0,0,0,1,1,0,0,0,1,3,0,0.4,0,1,0,1,-0.774,22.15,-0.185,2.925,0.597,0,0,0,0,1,0,0,0,0,0,0,0,0,0,4093000,2023,7.7,1,698
"135","Moldova",0.002656,135,0.001869,134,0.002644,147,0,0,0,0,0,1,0,0,1,4,0,0.913,0,1,0,0,0.872,21.25,2.891,3.418,0.427,0,0,0,0,0,1,1,0,0,0,0,0,0,0,4093000,2023,5.044,1,359
"136","Qatar",0.00255,136,0.001692,144,0.003097,135,0,0,0,1,1,0,0,1,1,1,0,0.109,0,1,0,1,-2.306,21.37,3.943,2.044,0.708,0,0,0,0,1,0,0,0,0,0,0,0,0,0,4093000,2023,5.728,1,694
"137","Switzerland",0.002541,137,0.001758,141,0.003125,133,0,0,0,0,0,0,1,0,1,4,0,0.971,0,1,0,0,1.211,23.08,-0.1271,1.782,0.367,0,0,0,0,0,1,0,0,0,0,0,0,0,0,4093000,2023,7.7,1,225
"138","Bolivia",0.002493,138,0.001807,138,0.003116,134,0,0,0,1,0,0,1,0,1,4,0,0.804,0,1,0,1,1.666,23.56,1.084,5.641,0.572,0,1,0,0,0,0,1,0,0,0,0,0,0,0,4093000,2023,7.637,1,145
"139","Netherlands",0.002485,139,0.00185,137,0.003093,136,0,0,0,0,0,0,1,0,1,4,0,0.901,0,1,0,0,1.908,24.09,-0.8835,1.841,0.354,0,0,0,0,0,1,1,0,0,0,0,0,0,0,4093000,2023,7.7,1,210
"140","Tunisia",0.002425,140,0.001798,139,0.003002,137,0,0,0,0,0,0,1,0,0,3,0,0.623,0,1,0,0,2.517,23.57,-0.3994,2.996,0.034,0,0,0,0,1,0,1,0,0,0,0,0,0,0,4093000,2023,6.087,1,616
"141","Belgium",0.002385,141,0.001764,140,0.002966,138,0,0,0,0,0,0,1,0,1,4,0,0.959,0,1,0,0,1.819,23.5,0.1923,1.825,0.592,0,0,0,0,0,1,1,0,0,0,0,0,0,0,4093000,2023,7.6,1,211
"142","Suriname",0.002382,142,0.001856,136,0.001334,168,0,0,0,0,0,0,1,0,1,4,0,0.924,0,0,0,0,0.475,19.25,1.224,3.756,0.73,0,1,0,0,0,0,1,0,0,0,0,0,0,0,4093000,2023,5.615,1,115
"143","Macedonia",0.002379,143,0.00167,145,0.002784,142,0,0,0,0,0,0,1,0,1,4,0,0.772,0,1,0,1,-0.467,20.79,2.128,2.172,0.562,0,0,0,0,0,1,1,0,0,0,0,0,0,0,4093000,2023,5.044,1,343
"144","Portugal",0.00229,144,0.001698,143,0.002858,139,0,0,0,0,0,0,1,0,1,4,0,0.924,0,1,0,0,0.765,23.33,1.138,1.607,0.22,0,0,0,0,0,1,1,0,0,0,0,0,0,0,4093000,2023,7.7,1,235
"145","Austria",0.002284,145,0.001709,142,0.002805,141,0,0,0,0,0,0,1,0,2,3,0,0.957,0,1,0,0,0.865,23.12,-1.812,1.659,0.248,0,0,0,0,0,1,1,0,0,0,0,0,0,0,4093000,2023,6.728,1,305
"146","Kosovo",0.002171,146,0.001516,150,0.002759,144,0,0,0,0,0,0,1,0,1,4,0,0.865,0,1,0,0,-0.45,20.74,4.027,2.842,0.22,0,0,0,0,0,1,0,0,0,0,0,0,0,0,4093000,2023,4,1,347
"147","Sweden",0.002151,147,0.001637,146,0.00271,146,0,0,0,0,0,0,1,0,1,4,0,0.9,0,1,0,0,1.475,23.33,-0.6668,1.364,0.219,0,0,0,0,0,1,1,0,0,0,0,0,0,0,4093000,2023,7.7,1,380
"148","Bulgaria",0.002136,148,0.001609,147,0.002741,145,0,0,0,0,0,0,1,0,1,4,0,0.775,0,1,0,0,1.343,22.62,2.396,2.173,0.289,0.002,0,0,0,0,1,1,0,0,0,0,0,0,0,4093000,2023,7.19,1,355
"149","Albania",0.002105,149,0.001552,148,0.002613,148,0,0,0,1,0,0,1,0,2,4,0,0.86,0,1,0,0,-0.367,21.39,4.634,2.853,0.139,0,0,0,0,0,1,1,0,0,0,0,0,0,0,4093000,2023,6.794,1,339
"150","Solomon Islands",0.002017,150,0.00142,155,0.002438,151,0,0,0,0,0,0,1,0,1,4,0,0.853,0,1,0,0,-0.077,19.5,0.7044,3.81,0.097,0,0,1,0,0,0,0,0,0,0,0,0,0,0,4093000,2023,5.524,1,940
"151","Denmark",0.001951,151,0.001506,151,0.002474,149,0,0,0,0,0,0,1,0,1,4,0,0.981,0,1,0,0,1.574,22.5,1.137,1.7,0.177,0,0,0,0,0,1,1,0,0,0,0,0,0,0,4093000,2023,7.7,1,390
"152","Ireland",0.001919,152,0.001547,149,0.002416,153,0,0,0,0,0,0,1,0,1,4,0,0.977,0,1,0,0,1.416,22.33,-5.686,1.692,0.174,0,0,0,0,0,1,1,0,0,0,0,0,0,0,4093000,2023,6.687,1,205
"153","Armenia",0.001896,153,0.001426,154,0.002441,150,0,0,0,1,0,0,1,0,1,3,0,0.875,0,1,0,0,0.961,21.41,8.798,2.943,0.045,0,0,0,0,0,1,1,0,0,0,0,0,0,0,4093000,2023,5.044,1,371
"154","Cuba",0.0018,154,0.001439,152,0.002426,152,0,0,0,1,1,0,0,0,1,2,0,0.071,0,1,1,0,2.165,23.42,2.176,2.089,0.517,0,1,0,0,0,0,0,0,0,0,1,0,0,1,4093000,2023,6.931,1,40
"155","Finland",0.001798,155,0.001436,153,0.002277,154,0,0,0,0,0,0,1,0,1,4,0,0.978,0,1,0,0,2.192,22.41,-1.534,1.389,0.138,0,0,0,0,0,1,1,0,0,0,0,0,0,0,4093000,2023,6.741,1,375
"156","Lithuania",0.001759,156,0.0014,157,0.00224,155,0,0,0,0,0,0,1,0,1,4,0,0.824,0,1,0,0,1.112,21.45,-1.733,1.682,0.284,0,0,0,0,0,1,1,0,0,0,0,0,0,0,4093000,2023,5.044,1,368
"157","Norway",0.001752,157,0.001403,156,0.002196,156,0,0,0,0,0,0,1,0,1,4,0,0.859,0,1,0,0,2.599,22.4,-0.6234,1.371,0.151,0,0,0,0,0,1,1,0,0,0,0,0,0,0,4093000,2023,6.895,1,385
"158","Latvia",0.001696,158,0.001327,158,0.002154,157,0,0,0,0,0,0,1,0,2,4,0,0.975,0,1,0,0,1.437,20.84,-0.408,1.703,0.547,0,0,0,0,0,1,1,0,0,0,0,0,0,0,4093000,2023,5.044,1,367
"159","Cape Verde",0.001612,159,0.001216,161,0.001978,159,0,0,0,0,0,0,1,0,1,4,0,0.929,0,1,0,0,0.81,19.19,4.177,3.136,0.442,0,0,0,0,0,0,1,0,0,0,0,0,0,0,4093000,2023,5.615,1,402
"160","Slovenia",0.001548,160,0.001243,159,0.001988,158,0,0,0,0,0,0,1,0,1,4,0,0.86,0,1,0,0,1.691,21.02,1.158,1.345,0.258,0,0,0,0,0,1,1,0,0,0,0,0,0,0,4093000,2023,5.044,1,349
"161","Estonia",0.001466,161,0.001216,160,0.001888,160,0,0,0,0,0,0,1,0,1,4,0,0.898,0,1,0,0,1.408,20.38,-4.237,1.183,0.458,0,0,0,0,0,1,1,0,0,0,0,0,0,0,4093000,2023,5.044,1,366
"162","Trinidad and Tobago",0.001463,162,0.001134,163,0.001546,166,0,0,0,0,0,0,1,0,1,4,0,0.88,0,1,0,1,0.893,20.55,1.844,3.676,0.655,0,1,0,0,0,0,1,0,0,0,0,0,0,0,4093000,2023,5.954,1,52
"163","Luxembourg",0.001364,163,0.001156,162,0.001696,163,0,0,0,0,0,0,1,0,1,4,0,0.953,0,1,0,0,1.782,19.35,-3.389,2.108,0.53,0,0,0,0,0,1,1,0,0,0,0,0,0,0,4093000,2023,7.295,1,212
"164","Costa Rica",0.001335,164,0.001058,165,0.001731,162,0,0,0,0,0,0,1,0,1,4,0,0.955,0,1,0,0,0.56,22.31,4.48,2.548,0.398,0,1,0,0,0,0,1,0,0,0,0,0,0,0,4093000,2023,7.524,1,94
"165","Malta",0.001285,165,0.001088,164,0.001656,165,0,0,0,0,0,0,1,0,1,4,0,0.889,0,1,0,0,1.397,19.08,1.395,2.497,0.04,0,0,0,0,0,1,1,0,0,0,0,0,0,0,4093000,2023,5.907,1,338
"166","Montenegro",0.001275,166,0.001021,167,0.001732,161,0,0,0,0,0,0,1,0,1,3,0,0.891,0,1,0,0,2.088,19.23,6.16,1.311,0.7,0.01,0,0,0,0,1,1,0,0,0,0,0,0,0,4093000,2023,4.17,1,341
"167","Jamaica",0.00121,167,0.001023,166,0.001662,164,0,0,0,0,0,0,1,0,1,4,0,0.924,0,1,0,0,1.818,21.43,2.266,3.988,0.21,0,1,0,0,0,0,1,0,0,0,0,0,0,0,4093000,2023,5.954,1,51
"168","Uruguay",0.001121,168,0.0009517,168,0.001449,167,0,0,0,0,0,0,1,0,1,4,0,0.941,0,1,0,0,1.239,21.71,0.3583,2.366,0.176,0,1,0,0,0,0,1,0,0,0,0,0,0,0,4093000,2023,7.6,1,165
