"","country","risk.2023and2024.from2022","rank.2023and2024.from2022","risk.2023only.from2022","riskrank.2023only.from2022","risk.2022and2023.from2021","rank.2022and2023.from2021","mean_mk_onset","mk_onset_prev_year","year","year_sq","mk_ever","mk_ongoing_count_log","newcountry","widetargeting","narrowtargeting","reg.afr","reg.eap","reg.eur","reg.mna","reg.sca","countryage_new_ln","wdi.popsize.log2","gdppcgrowth.combined","ios.iccpr1","includesnonstate","minorityrule","battledeaths.ln2","judicialreform","religiousfreedom","pol_killing_approved","freediscussion","social_inequality","even_civilrights","repress_civilsoc","social_power_dist","ses_power_dist","tradeshare.log2.combined","coup.try.5yr","efindex","discrimpop","partyban.new.0","partyban.new.1","partyban.new.2","v2csgender_binary","v2mecenefm_binary","imr.fwd.fill.sqrt","ccode","year_l1","year_sq_l1"
"1","Afghanistan",0.06531,1,0.03348,6,0.06471,2,0.051948051948052,0,2022,4088484,1,0,0,0,0,0,0,0,0,1,6.28540221886225,25.2936446264292,-0.178322624715623,0,1,1,9.73640193131829,1,0,1,0.058,1,0,1,1,-1.57,-1.31321406698166,0,0.763,0,1,0,0,1,1,6.38492545193384,700,2021,4084441
"2","Pakistan",0.06103,2,0.0396,2,0.06046,3,0.0266666666666667,0,2022,4088484,1,1,0,1,0,0,0,0,0,1,6.24792751344359,27.8131405825621,0.0408377100812588,0,1,0,9.40514146313635,1,1,0,0.672,0,0,0,1,-0.431,-4.09953308925965,0,0.748,0.055,0,0,1,0,0,7.25909440179289,770,2021,4084441
"3","Yemen (unified)",0.05871,3,0.03879,4,0.05806,5,0,0,2022,4088484,1,0,0,0,0,0,0,0,1,0,5.04439411935845,25.0061002938729,-0.0255035103880795,0,1,1,11.5018371849023,1,0,1,0.286,1,0,0,1,-0.871,-3.37709372312552,0,0.126,0.01,0,0,1,0,1,6.67465268422379,679,2021,4084441
"4","Sudan",0.05668,4,0.03964,1,0.05815,4,0.0454545454545455,0,2022,4088484,1,1,0,1,0,1,0,0,0,0,6.06608919045777,25.482290855614,-0.00766140394474436,0,1,1,5.58496250072115,1,2,0,0.436,0,0,0,1,1.269,-8.05131798821619,1,0.746,0.120000005,0,1,0,0,1,5.97498334630576,625,2021,4084441
"5","India",0.0528,5,0.03573,5,0.0549,6,0.04,0,2022,4088484,1,1,0,1,0,0,0,0,0,1,6.24792751344359,30.4003689146862,0.0647644568507517,0,1,0,8.2807707701306,1,3,0,0.617,0,0,0,1,-0.033,-3.42516572620445,0,0.42,0.119500004,0,0,1,0,1,5.00227658039408,750,2021,4084441
"6","Ethiopia",0.051,6,0.03893,3,0.04344,8,0.0649350649350649,0,2022,4088484,1,1.58496250072116,0,0,1,1,0,0,0,0,6.28540221886225,26.8785324218039,0.0376199746412927,0,1,1,16.6252236781154,2,3,0,0.533,0,0,0,1,0.577,-4.41155350572899,0,0.783,0,0,0,1,0,1,5.41397470910213,530,2021,4084441
"7","Guinea",0.04463,7,0.02526,9,0.04397,7,0.015625,0,2022,4088484,1,0,0,0,0,1,0,0,0,0,6.02236781302845,23.7243553243826,0.0170067987099248,1,1,0,0,1,3,0,0.325,0,0,0,1,-0.208,-2.18708794747638,1,0.727,0,0,1,0,0,0,7.52990356403912,438,2021,4084441
"8","Somalia",0.03846,8,0.02529,8,0.03966,10,0.0483870967741935,0,2022,4088484,1,1,0,1,0,1,0,0,0,0,5.97727992349992,24.0688680520575,0.0187384585963205,1,1,0,11.567480801143,1,1,1,0.609,0,0,0,0,-0.433,-2.18371353446907,0,0.222,0,0,0,1,1,1,8.41786505002062,520,2021,4084441
"9","Bangladesh",0.0363,9,0.01658,19,0.04226,9,0.0392156862745098,0,2022,4088484,1,0,0,0,0,0,0,0,0,1,5.70043971814109,27.3509926136966,0.0482900751393958,0,1,0,0,1,4,0,0.288,0,0,0,0,-2.62,-4.02924185797622,0,0.025,0.111999996,0,1,0,0,1,4.54441622265699,771,2021,4084441
"10","Tajikistan",0.03471,10,0.01759,14,0.02236,30,0.032258064516129,0,2022,4088484,1,0,0,0,0,0,0,0,0,1,5,23.2466691380027,0.0668325014972704,1,1,1,0,1,1,1,0.045,0,0,0,1,-1.988,-2.82856641258154,0,0.367,0,0,1,0,0,1,5.08120540679088,702,2021,4084441
"11","China",0.03201,11,0.01772,13,0.03294,13,0.038961038961039,0,2022,4088484,1,0,0,0,0,0,1,0,0,0,6.28540221886225,30.395271735788,0.0578922031661138,0,1,1,0,1,0,0,0.1,1,0,0,1,-0.09,-3.83586788200394,0,0.19,0.0134,1,0,0,0,1,2.13505319857805,710,2021,4084441
"12","Nigeria",0.03199,12,0.02641,7,0.02677,22,0.0806451612903226,0,2022,4088484,1,1.58496250072116,0,1,0,1,0,0,0,0,5.97727992349992,27.7033301245987,0.0213027791064391,0,1,0,10.5989829710361,1,3,0,0.871,0,0,0,0,-0.343,-4.67059193257588,0,0.85,0,0,0,1,0,0,8.4420421960787,475,2021,4084441
"13","Uganda",0.0301,13,0.01804,12,0.0289,16,0.05,0,2022,4088484,1,0,0,0,0,1,0,0,0,0,5.93073733756289,25.4937983221998,0.0191090800749353,1,1,1,4.70043971814109,1,3,0,0.496,0,0,0,1,0.107,-3.9972417081798,0,0.883,0.059,0,0,1,0,1,5.15075067862557,500,2021,4084441
"14","Indonesia",0.02987,14,0.01694,15,0.02916,14,0.0684931506849315,0,2022,4088484,1,0,0,0,0,0,1,0,0,0,6.20945336562895,28.0374840897428,0.0216639794393509,0,1,0,5.55458885167764,1,3,0,0.865,0,0,0,1,-0.382,-3.55892623534776,0,0.803,0,0,1,0,0,0,4.15294229878673,850,2021,4084441
"15","Mali",0.02872,15,0.01667,18,0.02359,29,0,0,2022,4088484,0,0,0,0,0,1,0,0,0,0,5.97727992349992,24.4294101896435,0.0165692942673582,1,1,0,10.4888443464573,2,3,0,0.661,0,0,0,0,0.477,-2.89641947400954,1,0.852,0,0,0,1,0,1,7.72834385463372,432,2021,4084441
"16","Syria",0.0271,16,0.01946,11,0.02699,20,0.0394736842105263,0,2022,4088484,1,1.58496250072116,0,1,0,0,0,0,1,0,6.2667865406949,24.3991903557481,-0.14,0,1,1,9.77807712953536,0,1,1,0.028,1,0,1,1,-2.083,-3.4571621290921,0,0.213,0,1,0,0,0,1,4.40376276330341,652,2021,4084441
"17","Congo, Democratic Republic of (Zaire)",0.02701,17,0.02016,10,0.02703,19,0.0967741935483871,0,2022,4088484,1,1,0,1,0,1,0,0,0,0,5.97727992349992,26.5610739979084,0.0382340939350464,1,1,0,10.1305705628054,1,3,0,0.6,0,0,0,1,-0.68,-2.31898773596076,0,0.7,0.02,0,0,1,0,1,7.81672615957645,490,2021,4084441
"18","Congo",0.02672,18,0.01238,36,0.03473,12,0.0483870967741935,0,2022,4088484,1,0,0,0,0,1,0,0,0,0,5.97727992349992,22.5094019599393,-0.0372978315775047,1,1,0,0,1,4,1,0.057,0,0,1,1,0.067,-2.126748844682,0,0.704,0,0,0,1,0,1,5.89783296428606,484,2021,4084441
"19","Mozambique",0.02661,19,0.01673,17,0.02656,23,0.0212765957446809,0,2022,4088484,1,0,0,0,0,1,0,0,0,0,5.58496250072116,24.9746294598006,0.00964062500773456,0,1,0,8.54689445988763,1,3,0,0.647,0,0,0,0,1.386,-2.2984099930585,0,0.69,0,0,0,1,0,1,6.48144294456721,541,2021,4084441
"20","Iran (Persia)",0.02561,20,0.01403,26,0.03848,11,0.025974025974026,0,2022,4088484,1,0,0,0,0,0,0,0,1,0,6.28540221886225,26.3999982578463,0.0300970785728209,0,1,1,0,1,1,0,0.318,0,0,1,1,0.309,-3.85569821438696,0,0.743,0.1545,0,1,0,1,1,3.1675170918805,630,2021,4084441
"21","Nepal",0.02532,21,0.01483,24,0.02893,15,0.025974025974026,0,2022,4088484,1,0,0,0,0,0,0,0,0,1,6.28540221886225,24.8645547575031,0.0262202283776776,1,1,0,0,1,3,0,0.835,0,0,0,0,1.318,-3.42433552914554,0,0.86,0,0,0,1,0,0,4.41330772708226,790,2021,4084441
"22","Thailand",0.02525,22,0.01245,34,0.02829,17,0.012987012987013,0,2022,4088484,1,0,0,0,0,0,1,0,0,0,6.28540221886225,26.0954100217298,0.00424131099242375,0,1,1,4.95419631038688,1,4,0,0.165,0,0,0,1,0.032,-1.83707601435236,0,0.352,0.05,0,0,1,0,1,2.54998840053384,800,2021,4084441
"23","Egypt",0.02452,23,0.01485,23,0.02693,21,0.0144927536231884,0,2022,4088484,1,0,0,0,0,0,0,0,1,0,6.12928301694497,26.7258557961301,0.0186754179227814,1,1,0,7.85798099512757,1,2,0,0.097,0,0,0,1,-0.348,-3.88505270988251,0,0.041,0,0,1,0,1,1,3.6815598266235,651,2021,4084441
"24","Niger",0.02436,24,0.0151,22,0.02473,27,0,0,2022,4088484,0,0,0,0,0,1,0,0,0,0,5.97727992349992,24.6435026602011,0.00248471937655466,1,1,0,8.93369065495223,2,3,0,0.759,0,0,0,0,0.949,-3.81020966500357,1,0.666,0,0,0,1,0,0,6.86406546464309,436,2021,4084441
"25","Angola",0.02434,25,0.01675,16,0.02181,31,0.0212765957446809,0,2022,4088484,1,0,0,0,0,1,0,0,0,0,5.58496250072116,25.0849275329717,-0.002861544831184,1,1,1,4.70043971814109,1,3,0,0.619,0,0,0,1,-0.296,-3.06128561009696,0,0.779,0,0,0,1,0,0,6.29220143690139,540,2021,4084441
"26","Tanzania/Tanganyika",0.02417,26,0.01588,20,0.02705,18,0.0163934426229508,0,2022,4088484,1,0,0,0,0,1,0,0,0,0,5.95419631038687,25.9649419677305,0.0264837840407825,0,1,0,0,1,3,0,0.906,0,0,0,0,1.426,-3.97182303729118,0,0.591,0,0,0,1,0,1,5.46942071043359,510,2021,4084441
"27","Chad",0.02357,27,0.01255,33,0.06747,1,0.032258064516129,0,2022,4088484,1,0,0,0,0,1,0,0,0,0,5.97727992349992,24.0791451375608,-0.0184397873593244,1,1,1,5.52356195605702,0,3,1,0.495,0,1,1,1,-1.19,-2.45612291780469,1,0.855,0,0,1,0,0,1,8.06974150973068,483,2021,4084441
"28","Laos",0.0235,28,0.01267,32,0.02446,28,0.0273972602739726,0,2022,4088484,1,0,0,0,0,0,1,0,0,0,6.20945336562895,22.8441178444071,0.0121293168603349,0,1,1,0,1,2,1,0.073,0,0,0,1,0.145,0.017443959001943,0,0.634,0.08,1,0,0,0,1,5.62072235636037,812,2021,4084441
"29","Burkina Faso (Upper Volta)",0.023,29,0.01401,27,0.01369,45,0,0,2022,4088484,0,0,0,0,0,1,0,0,0,0,5.97727992349992,24.4345204451651,0.048024969716988,1,1,0,11,1,3,0,0.665,0,0,0,0,1.279,-3.15073471456727,1,0.767,0,0,0,1,0,0,7.18341645384564,439,2021,4084441
"30","South Africa",0.02284,30,0.0157,21,0.0264,24,0.012987012987013,0,2022,4088484,1,0,0,0,0,1,0,0,0,0,6.28540221886225,25.8359053795709,0.0316944707442742,1,1,0,0,1,4,0,0.844,0,0,0,1,1.06,-2.98973556073816,0,0.856,0,0,0,1,0,0,5.19428694571654,560,2021,4084441
"31","Russia (Soviet Union)",0.02173,31,0.007888,47,0.0206,36,0.025974025974026,0,2022,4088484,1,0,0,0,0,0,0,1,0,0,6.28540221886225,27.0970357359932,0.0309171043589152,1,1,0,0,1,2,0,0.414,0,0,1,0,-1.587,-3.61673669151526,0,0.376,0.0032,0,0,1,0,1,2.02913852224115,365,2021,4084441
"32","Philippines",0.02086,32,0.01354,29,0.02615,25,0.051948051948052,0,2022,4088484,1,1,0,1,0,0,1,0,0,0,6.28540221886225,26.7840544960397,0.0381599106933167,1,1,1,7.59991284218713,1,4,0,0.643,0,0,0,1,-0.915,-2.8155293816977,0,0.807,0,0,1,0,0,1,4.33546087144026,840,2021,4084441
"33","Myanmar (Burma)",0.02041,33,0.0147,25,0.02178,32,0.0540540540540541,1,2022,4088484,1,2,0,1,0,0,1,0,0,0,6.22881869049588,25.6912385779292,-0.156059912536947,0,1,1,10.9936460600166,0,2,1,0.053,1,1,0,1,-0.205,-2.81649181463671,1,0.59,0.060499996,0,1,0,0,1,5.71843992390876,775,2021,4084441
"34","Cote Dâ€™Ivoire",0.02009,34,0.01396,28,0.02095,34,0.0161290322580645,0,2022,4088484,1,0,0,0,0,1,0,0,0,0,5.97727992349992,24.7471717657005,0.0489691812354965,1,1,0,0,1,4,0,0.698,0,0,0,1,-0.049,-3.33241848715489,0,0.731,0,0,0,1,0,1,7.79089800218359,437,2021,4084441
"35","Turkey (Ottoman Empire)",0.01926,35,0.01029,40,0.02158,33,0.012987012987013,0,2022,4088484,1,0,0,0,0,0,0,1,0,0,6.28540221886225,26.3467397540279,0.0844877067358275,1,1,0,9.16992500144231,0,2,0,0.185,0,0,0,1,0.304,-2.64714491535437,0,0.521,0.1866,0,0,1,1,1,2.55170562414207,640,2021,4084441
"36","Rwanda",0.01874,36,0.009989,41,0.008851,55,0.0666666666666667,0,2022,4088484,1,0,0,0,0,1,0,0,0,0,5.93073733756289,23.7157268084315,0.0806425079390559,0,1,1,0,1,3,0,0.172,0,0,0,1,0.077,-3.10498150874145,0,0.28,0,0,1,0,0,0,4.85436210045756,517,2021,4084441
"37","Liberia",0.0187,37,0.01157,39,0.01954,37,0.025974025974026,0,2022,4088484,1,0,0,0,0,1,0,0,0,0,6.28540221886225,22.3382905304069,0.0241956195131701,0,1,0,0,1,4,0,0.939,0,0,0,0,0.656,-2.12762013229088,0,0.889,0,0,0,1,0,0,6.90368162825864,450,2021,4084441
"38","Sierra Leone",0.01818,38,0.01218,37,0.01875,38,0.0163934426229508,0,2022,4088484,1,0,0,0,0,1,0,0,0,0,5.95419631038687,23.0368641348408,0.0164080393699708,1,1,0,0,1,4,0,0.82,0,0,0,0,0.726,-3.15816797724599,0,0.801,0,0,0,1,0,0,8.9181511057418,451,2021,4084441
"39","Algeria",0.01727,39,0.01238,35,0.01788,40,0.0333333333333333,0,2022,4088484,1,0,0,0,0,0,0,0,1,0,5.93073733756289,25.4203157288756,0.0229475787311188,1,1,0,0,1,2,0,0.576,0,0,0,1,1.104,-3.27917676467942,0,0.372,0,0,1,0,0,1,4.14483279875762,615,2021,4084441
"40","Cambodia (Kampuchea)",0.01717,40,0.008552,43,0.01802,39,0.0289855072463768,0,2022,4088484,1,0,0,0,0,0,1,0,0,0,6.12928301694497,23.9991936920386,0.0162127911023787,0,1,0,0,1,3,0,0.28,0,0,0,1,-1.092,-1.52997756241511,0,0.158,0.008,0,1,0,0,1,4.32763202803413,811,2021,4084441
"41","Central African Republic",0.01602,41,0.01344,30,0.01554,43,0.0161290322580645,0,2022,4088484,1,1,0,1,0,1,0,0,0,0,5.97727992349992,22.4116123577428,-0.0012217216387292,1,1,0,9.40087943628218,1,4,0,0.592,0,0,0,1,0.622,-3.54076536225402,0,0.79,0,0,0,1,0,1,8.83847747447414,482,2021,4084441
"42","Malawi",0.01599,42,0.01171,38,0.01681,41,0.0172413793103448,0,2022,4088484,1,0,0,0,0,1,0,0,0,0,5.88264304936184,24.2824417874895,0.0139582559784667,1,1,0,0,1,4,0,0.835,0,0,0,1,-0.192,-3.10682879105177,0,0.791,0,0,0,1,0,0,5.05744592010798,553,2021,4084441
"43","Iraq",0.01575,43,0.01325,31,0.0257,26,0.0779220779220779,0,2022,4088484,1,1,0,1,0,0,0,0,1,0,6.28540221886225,25.4071762696127,0.0142199637854693,0,1,0,8.39231742277875,1,2,0,0.331,0,0,0,1,0.018,-3.06025729556792,0,0.446,0,0,1,0,1,1,4.77452844092015,645,2021,4084441
"44","Vietnam, Democratic Republic of",0.01501,44,0.009954,42,0.0144,44,0.0294117647058824,0,2022,4088484,1,0,0,0,0,0,1,0,0,0,6.10852445677817,26.5490265721241,0.0126259660104857,0,1,1,0,2,1,0,0.314,0,0,0,1,1.602,-1.3101462280317,0,0.263,0,1,0,0,0,1,3.70574184428464,816,2021,4084441
"45","Mauritania",0.01247,45,0.008039,46,0.01318,48,0,0,2022,4088484,0,0,0,0,0,1,0,0,0,0,5.97727992349992,22.1752799922817,0.0102549788018246,0,1,1,0,1,0,0,0.766,1,0,0,1,-0.806,-1.95728571182603,0,0.713,0,0,1,0,0,0,5.46788416500519,435,2021,4084441
"46","Morocco",0.01244,46,0.007582,50,0.01318,47,0,0,2022,4088484,0,0,0,0,0,0,0,0,1,0,6.06608919045777,25.1587694189042,0.0518489221269708,0,1,0,0,2,1,0,0.623,0,0,0,0,-0.339,-2.3235226741199,0,0.566,0.016,0,0,1,0,1,3.73110484232045,600,2021,4084441
"47","Cameroon",0.01227,47,0.008514,44,0.01309,49,0,0,2022,4088484,0,0,0,0,0,1,0,0,0,0,5.95419631038687,24.7345132398153,0.0199861052203818,1,1,1,8.66888498426625,1,4,0,0.729,0,0,0,1,-0.659,-3.76369829660361,0,0.86,0,0,0,1,0,1,7.20189181271033,471,2021,4084441
"48","Kenya",0.01143,48,0.00778,48,0.01208,50,0,0,2022,4088484,0,0,0,0,0,1,0,0,0,0,5.90689059560852,25.6871902431424,0.0530347419613154,0,1,0,6.18982455888002,1,4,0,0.879,0,0,0,0,1.013,-4.03161911595274,0,0.855,0.06,0,0,1,0,0,5.256843630796,501,2021,4084441
"49","Libya",0.01061,49,0.005919,57,0.00933,52,0.0140845070422535,0,2022,4088484,1,0,0,0,0,0,0,0,1,0,6.16992500144231,22.699719222,0.248625199373433,1,1,0,0,1,1,0,0.455,0,0,0,0,-0.012,-2.69305557167102,0,0.259,0,0,1,0,1,0,2.96685192416833,620,2021,4084441
"50","Togo",0.009799,50,0.005705,59,0.008968,53,0,0,2022,4088484,0,0,0,0,0,1,0,0,0,0,5.97727992349992,23.0770339246077,0.0345313014108754,1,1,0,5.12928301694496,1,4,0,0.417,0,0,0,0,-0.033,-3.11987406184156,0,0.88,0,0,0,1,0,1,6.53880389279775,461,2021,4084441
"51","Gabon",0.009226,51,0.007661,49,0.008856,54,0,0,2022,4088484,0,0,0,0,0,1,0,0,0,0,5.85798099512757,21.1879705919842,0.00374169018355411,0,1,1,0,1,3,0,0.801,0,0,0,1,0.542,-2.69755170001882,1,0.789,0,0,0,1,0,1,5.50565936409521,481,2021,4084441
"52","Zimbabwe (Rhodesia)",0.008884,52,0.005938,56,0.01578,42,0.0350877192982456,0,2022,4088484,1,0,0,0,0,1,0,0,0,0,5.85798099512757,23.9601851917716,0.0393591444833831,0,1,1,0,0,4,1,0.213,0,1,0,1,-0.983,-3.21584649294622,0,0.415,0.01,0,0,1,0,1,6.32104349578679,552,2021,4084441
"53","Azerbaijan",0.00888,53,0.005678,60,0.00876,56,0.032258064516129,0,2022,4088484,1,0,0,0,0,0,0,1,0,0,5,23.2785277273126,0.0373144285583791,1,1,1,8.27146302790438,1,2,0,0.343,0,0,0,1,-1.772,-2.52209262378384,0,0.122,0,0,0,1,0,1,3.76688472976233,373,2021,4084441
"54","Colombia",0.008069,54,0.008124,45,0.01009,51,0.025974025974026,0,2022,4088484,1,0,0,0,0,0,0,0,0,0,6.28540221886225,25.6285089517781,0.078008734922975,1,1,0,6.20945336562895,1,4,0,0.697,0,0,0,1,-0.024,-3.44942036221188,0,0.639,0,0,0,1,0,0,3.30046752543545,100,2021,4084441
"55","Papua New Guinea",0.007965,55,0.006136,52,0.008008,58,0.0212765957446809,0,2022,4088484,1,0,0,0,0,0,1,0,0,0,5.58496250072116,23.2739268935196,0.00369774783459106,0,1,0,0,1,4,0,0.919,0,0,0,0,1.076,-1.1064319332302,0,0.27,0,0,0,1,0,0,5.91479437358905,910,2021,4084441
"56","Jordan",0.007377,56,0.005507,61,0.006599,64,0.0135135135135135,0,2022,4088484,1,0,0,0,0,0,0,0,1,0,6.22881869049588,23.4280141730135,0.00951719144168181,0,1,1,0,1,2,0,0.626,0,1,0,1,0.585,-2.54522960340704,0,0.044,0.5,0,0,1,0,1,3.6103760264541,663,2021,4084441
"57","Madagascar",0.006959,57,0.005259,63,0.007367,59,0,0,2022,4088484,0,0,0,0,0,1,0,0,0,0,5.97727992349992,24.8196646639379,0.0274943698250686,1,1,0,0,1,4,0,0.703,0,0,0,1,-0.47,-2.84200054637864,0,0.194,0,0,0,1,0,0,5.88665637142686,580,2021,4084441
"58","Guinea-Bissau",0.006939,58,0.006057,54,0.003763,75,0,0,2022,4088484,0,0,0,0,0,1,0,0,0,0,5.61470984411521,21.0057766675243,0.0225557342608811,1,1,0,0,1,4,0,0.691,0,0,0,1,-0.236,-3.62177224140744,1,0.808,0,0,0,1,0,1,6.73893848467183,404,2021,4084441
"59","Haiti",0.00673,59,0.007373,51,0.006131,65,0.025974025974026,0,2022,4088484,1,0,0,0,0,0,0,0,0,0,6.28540221886225,23.465754210289,-0.023344903227395,0,1,1,0,1,4,0,0.656,0,0,0,1,-0.911,-3.90469263149664,0,0.105,0,0,0,1,0,1,6.61900681367517,41,2021,4084441
"60","Malaysia",0.006692,60,0.004692,67,0.006904,61,0,0,2022,4088484,0,0,0,0,0,0,1,0,0,0,6.04439411935845,25.0164076067661,0.0170835396534907,0,1,1,0,1,2,0,0.719,0,0,0,1,0.501,-1.75787737050011,0,0.57,0,0,0,1,0,1,2.40674377908851,820,2021,4084441
"61","Zambia",0.006675,61,0.00514,64,0.007175,60,0,0,2022,4088484,0,0,0,0,0,1,0,0,0,0,5.88264304936184,24.2547710829031,0.0206930007102854,1,1,0,0,1,4,0,0.888,0,0,0,0,1.129,-2.97314736954098,0,0.706,0,0,0,1,0,0,5.87883308333238,551,2021,4084441
"62","Senegal",0.006601,62,0.004901,65,0.006826,63,0,0,2022,4088484,0,0,0,0,0,1,0,0,0,0,5.97727992349992,24.0456397781486,0.0411225792191769,1,1,0,0,1,4,0,0.917,0,0,0,0,1.047,-2.64418775543878,0,0.747,0,0,0,1,0,0,5.28541912828678,433,2021,4084441
"63","Burundi",0.006203,63,0.004028,72,0.01349,46,0.0333333333333333,0,2022,4088484,1,0,0,0,0,1,0,0,0,0,5.93073733756289,23.6197014715296,0.0061189467392556,0,1,0,7.876516946565,1,4,0,0.171,0,1,0,1,0.202,-4.31010530163194,0,0.308,0,0,1,0,0,1,5.92514571421404,516,2021,4084441
"64","Nicaragua",0.006199,64,0.004437,69,0.006879,62,0.025974025974026,0,2022,4088484,1,0,0,0,0,0,0,0,0,0,6.28540221886225,22.7282477166516,0.076218345843733,1,1,1,0,0,3,0,0.043,1,0,1,1,-1.078,-2.07692844284113,0,0.544,0,0,1,0,0,1,3.26651175603753,93,2021,4084441
"65","Lebanon",0.005315,65,0.004301,70,0.005501,66,0,0,2022,4088484,0,0,0,0,0,0,0,0,1,0,6.28540221886225,22.388306129783,-0.0948506188303039,0,1,0,0,1,4,0,0.694,0,0,0,1,-0.47,-2.68049813324215,0,0.133,0.1,0,0,1,0,1,2.33070560559484,660,2021,4084441
"66","Argentina",0.005192,66,0.005711,58,0.005112,68,0.012987012987013,0,2022,4088484,1,0,0,0,0,0,0,0,0,0,6.28540221886225,25.4624767482447,0.0755528392520906,1,1,0,0,1,4,0,0.962,0,0,0,0,1.878,-4.11160712036323,0,0.158,0,0,0,1,0,0,2.73274588569048,160,2021,4084441
"67","Peru",0.004992,67,0.006014,55,0.004649,70,0.012987012987013,0,2022,4088484,1,0,0,0,0,0,0,0,0,0,6.28540221886225,25.0211340059451,0.100853245918536,1,1,0,0,1,4,0,0.921,0,0,0,1,1.179,-3.15757542623952,0,0.618,0,0,0,1,0,0,2.82439889438232,135,2021,4084441
"68","Sri Lanka (Ceylon)",0.004877,68,0.003654,75,0.02076,35,0.0540540540540541,0,2022,4088484,1,0,0,0,0,0,0,0,0,1,6.22881869049588,24.402821073107,0.0213720265063632,1,1,0,0,1,3,0,0.712,0,1,0,1,0.231,-3.51992942737722,0,0.323,0.11,0,0,1,0,0,2.36392392213553,780,2021,4084441
"69","Brazil",0.004806,69,0.005362,62,0.005128,67,0,0,2022,4088484,0,0,0,0,0,0,0,0,0,0,6.28540221886225,27.6818635239698,0.0292742471897563,0,1,0,0,1,3,0,0.654,0,0,0,1,-0.755,-3.78672227306793,0,0.559,0,0,0,1,0,1,3.11610213494428,140,2021,4084441
"70","Bhutan",0.004755,70,0.00349,77,0.004629,71,0,0,2022,4088484,0,0,0,0,0,0,0,0,0,1,5.28540221886225,19.5776482576084,0.0249139348792301,0,1,0,0,1,2,0,0.751,0,0,0,0,1.27,-2.5687604955326,0,0.651,0.2,0,1,0,0,0,4.49601236753183,760,2021,4084441
"71","Eritrea",0.004408,71,0.004025,73,0.008514,57,0,0,2022,4088484,1,0,0,0,0,1,0,0,0,0,4.90689059560852,21.812854162252,0.05,0,1,1,0,1,1,0,0.18,0,0,1,1,0.75,-2.47400075351197,0,0.659,0.11,1,0,0,1,1,5.38239992649344,531,2021,4084441
"72","Venezuela",0.00429,72,0.004846,66,0.004434,72,0,0,2022,4088484,0,0,0,0,0,0,0,0,0,0,6.28540221886225,24.7543851744233,-0.17,1,1,1,0,1,3,0,0.309,0,0,0,1,1.077,-1.18774618442852,0,0.52,0,0,1,0,0,1,4.11651579386386,101,2021,4084441
"73","El Salvador",0.004016,73,0.004135,71,0.00425,73,0.025974025974026,0,2022,4088484,1,0,0,0,0,0,0,0,0,0,6.28540221886225,22.5952301596284,0.0799566472403339,1,1,1,0,0,4,0,0.513,0,0,0,1,-0.51,-2.52720342711935,0,0.165,0,0,0,1,0,1,2.95852408279606,92,2021,4084441
"74","United States of America",0.004015,74,0.004664,68,0.003846,74,0,0,2022,4088484,0,0,0,0,0,0,0,0,0,0,6.28540221886225,28.3121922157925,0.0378971390513409,0,1,0,0,1,4,0,0.946,0,0,0,0,0.72,-4.47794733276568,0,0.527,0,0,0,1,0,0,2.32236284984577,2,2021,4084441
"75","Kyrgyz Republic",0.003789,75,0.003646,76,0.003311,78,0,0,2022,4088484,0,0,0,0,0,0,0,0,0,1,5,22.6978032772742,0.0210029059085999,1,1,0,0,1,3,0,0.703,0,0,0,1,0.143,-2.21348109660441,0,0.487,0.138,0,0,1,0,1,3.67760017679072,703,2021,4084441
"76","Korea, People's Republic of",0.003309,76,0.002536,89,0.003476,77,0.0135135135135135,0,2022,4088484,1,1,0,1,0,0,1,0,0,0,6.22881869049588,24.6358549285832,-0.016580903,0,1,1,0,1,0,1,0.018,0,1,1,1,-0.992,-4.10009008289433,0,0.02,0,1,0,0,1,1,2.80339070352632,731,2021,4084441
"77","Uzbekistan",0.00313,77,0.003194,79,0.003231,79,0,0,2022,4088484,0,0,0,0,0,0,0,0,0,1,5,25.0873218490539,0.0522374177447122,1,1,1,0,1,2,0,0.436,0,0,0,1,-0.317,-2.83404901663821,0,0.313,0,1,0,0,0,1,3.16851380911985,704,2021,4084441
"78","Ukraine",0.00308,78,0.002438,91,0.0037,76,0,0,2022,4088484,0,0,0,0,0,0,0,1,0,0,5,25.1794960827678,0.0192760680120381,1,1,0,4.90689059560852,0,3,0,0.728,0,0,0,0,0.274,-2.51063500815918,0,0.37,0,0,1,0,0,1,2.45827344213627,369,2021,4084441
"79","Bosnia-Herzegovina",0.003071,79,0.002952,81,0.003061,81,0,0,2022,4088484,1,0,0,0,0,0,0,1,0,0,4.95419631038687,21.6246767801183,0.0496311532220454,1,1,0,0,1,4,0,0.729,0,0,0,1,0.836,-2.19209541280586,0,0.637,0.01,0,0,1,0,0,2.30139177309995,346,2021,4084441
"80","Bulgaria",0.002995,80,0.002048,97,0.0007827,134,0,0,2022,4088484,0,0,0,0,0,0,0,1,0,0,6.28540221886225,22.6242405852018,0.0256539436714116,1,1,0,0,1,4,0,0.904,0,0,0,0,1.15,-1.80915418075854,0,0.289,0.002,0,0,1,0,0,2.37735663178938,355,2021,4084441
"81","Mexico",0.002984,81,0.003948,74,0.002867,83,0,0,2022,4088484,0,0,0,0,0,0,0,0,0,0,6.28540221886225,26.9259686808558,0.0307318050755362,1,1,0,0,1,4,0,0.822,0,0,0,1,0.795,-2.47876021286508,0,0.587,0,0,0,1,0,1,3.23854103146021,70,2021,4084441
"82","United Arab Emirates",0.002983,82,0.002906,82,0.003149,80,0,0,2022,4088484,0,0,0,0,0,0,0,0,1,0,5.70043971814109,23.1705279612533,0.0235092393659562,0,1,1,0,1,3,0,0.388,0,0,0,1,-0.856,-1.48973333405103,0,0.684,0,1,0,0,0,1,2.48877854276233,696,2021,4084441
"83","Georgia",0.002962,83,0.002833,83,0.0006593,144,0.032258064516129,0,2022,4088484,1,0,0,0,0,0,0,1,0,0,5,21.8239603724468,0.0763332452613391,1,1,0,0,1,3,0,0.844,0,0,0,1,0.957,-2.06667492175286,0,0.367,0,0,0,1,0,0,2.53869100154337,372,2021,4084441
"84","Mauritius",0.002945,84,0.002517,90,0.0007552,139,0,0,2022,4088484,0,0,0,0,0,1,0,0,0,0,5.78135971352466,20.2678782397103,0.0245253038003306,1,1,0,0,1,4,0,0.781,0,0,0,1,0.458,-2.02140790521657,0,0.466,0,0,0,1,0,1,3.75220415980777,590,2021,4084441
"85","Korea, Republic of",0.002942,85,0.002207,96,0.002987,82,0.0135135135135135,0,2022,4088484,1,0,0,0,0,0,1,0,0,0,6.22881869049588,25.621653644757,0.0243690183175453,1,1,0,0,1,4,0,0.967,0,1,0,0,1.023,-2.35390625875802,0,0.095,0,0,0,1,0,0,1.38913100223874,732,2021,4084441
"86","South Sudan",0.002905,86,0.00609,53,0.001276,108,0.0909090909090909,0,2022,4088484,1,1.58496250072116,0,1,0,1,0,0,0,0,3.58496250072116,23.3795661000011,-0.052,0,1,1,0,1,3,0,0.194,1,0,0,1,-1.425,-1.86337608551853,0,0.73,0.04,0,1,0,1,1,8.0441011364601,626,2021,4084441
"87","Comoros",0.002845,87,0.002355,92,0.002725,84,0,0,2022,4088484,0,0,0,0,0,1,0,0,0,0,4.8073549220576,19.6744784997145,0.0106489875140736,0,1,0,0,1,2,0,0.291,0,0,0,0,0.945,-3.47731061381046,0,0.054,0,0,0,1,0,1,6.14061418173865,581,2021,4084441
"88","Fiji",0.002803,88,0.002279,94,0.002117,93,0,0,2022,4088484,0,0,0,0,0,0,1,0,0,0,5.7279204545632,19.8265081442943,-0.0420650020462626,0,1,0,0,1,3,0,0.531,0,0,0,1,0.525,-2.18163850789401,0,0.528,0,0,0,1,0,1,4.83470718638865,950,2021,4084441
"89","Kuwait",0.002625,89,0.002672,86,0.002532,86,0,0,2022,4088484,0,0,0,0,0,0,0,0,1,0,5.85798099512757,22.0254238120232,0.00212398090859342,0,1,0,0,1,3,0,0.528,0,0,0,1,-0.196,-2.3310499029,0,0.765,0.03,1,0,0,0,0,2.78801596323983,690,2021,4084441
"90","Rumania",0.00257,90,0.001829,100,0.002671,85,0.025974025974026,0,2022,4088484,1,0,0,0,0,0,0,1,0,0,6.28540221886225,24.1762019170439,0.0396071523559331,1,1,0,0,1,3,0,0.969,0,1,0,0,0.531,-2.43494128001915,0,0.207,0,0,0,1,0,0,2.37029330364311,360,2021,4084441
"91","Guatemala",0.002568,91,0.003276,78,0.002364,89,0,0,2022,4088484,0,0,0,0,0,0,0,0,0,0,6.28540221886225,24.0490879182711,0.0531189746660879,1,1,1,0,1,4,0,0.677,1,0,0,1,-0.313,-3.26296676294746,0,0.511,0,0,0,1,0,1,4.23245285739755,90,2021,4084441
"92","Bahrain",0.002566,92,0.002714,84,0.004811,69,0,0,2022,4088484,0,0,0,0,0,0,0,0,1,0,5.04439411935845,20.4895745840229,0.00964498672591871,0,1,1,0,0,2,0,0.253,1,0,0,1,-1.83,-1.55566159263194,0,0.582,0.35,1,0,0,0,1,2.41701331975516,692,2021,4084441
"93","Canada",0.002429,93,0.002987,80,0.002256,91,0,0,2022,4088484,0,0,0,0,0,0,0,0,0,0,6.28540221886225,25.2143753771399,0.0288107695512383,1,1,0,0,1,4,0,0.927,0,0,0,0,1.722,-2.93304556575763,0,0.73,0,0,0,1,0,0,2.16953419336782,20,2021,4084441
"94","Namibia",0.002416,94,0.00271,85,0.002212,92,0,0,2022,4088484,0,0,0,0,0,1,0,0,0,0,5.04439411935845,21.2916586094136,0.0113281718783361,1,1,0,0,1,4,0,0.851,0,0,0,1,0.818,-2.40019838180799,0,0.76,0,0,0,1,0,0,5.32457739266967,565,2021,4084441
"95","Djibouti",0.002277,95,0.002349,93,0.002093,94,0,0,2022,4088484,0,0,0,0,0,1,0,0,0,0,4.4594316186373,20.0961605016828,0.0267344876202978,1,1,0,0,1,3,0,0.536,0,0,0,1,-0.413,-1.02450617221107,0,0.649,0,0,1,0,0,1,6.67364526415693,522,2021,4084441
"96","Israel",0.002263,96,0.001794,102,0.00241,87,0,0,2022,4088484,0,0,0,0,0,0,0,0,1,0,6.22881869049588,23.1871599401515,0.0585337665868179,0,1,0,6.40939093613771,1,4,0,0.932,0,1,0,0,0.755,-3.10077189541752,0,0.376,0.43,0,0,1,0,0,1.50667722255905,666,2021,4084441
"97","Ghana",0.00222,97,0.001926,99,0.002399,88,0,0,2022,4088484,0,0,0,0,0,1,0,0,0,0,6.04439411935845,24.9966182142608,0.0353174570117739,1,1,0,0,2,4,0,0.929,0,1,0,0,0.913,-3.32589759423361,0,0.736,0,0,0,1,0,0,5.49785009049504,452,2021,4084441
"98","Benin",0.002151,98,0.001829,101,0.001941,95,0,0,2022,4088484,0,0,0,0,0,1,0,0,0,0,5.97727992349992,23.6706458769446,0.0455132471288246,1,1,0,4.95419631038688,1,4,0,0.807,0,1,0,0,0.956,-3.37564175948296,0,0.764,0,0,0,1,0,0,7.38115325530938,434,2021,4084441
"99","Poland",0.002027,99,0.001611,107,0.002283,90,0.012987012987013,0,2022,4088484,1,0,0,0,0,0,0,1,0,0,6.28540221886225,25.1627551441433,0.0384011756414255,1,1,0,0,0,4,0,0.841,0,1,0,0,2.295,-1.98115328788875,0,0.069,0,0,0,1,0,1,1.76209534383485,290,2021,4084441
"100","Ecuador",0.001935,100,0.002668,87,0.001765,100,0,0,2022,4088484,0,0,0,0,0,0,0,0,0,0,6.28540221886225,24.1015737182647,0.0261243897342555,1,1,0,0,1,4,0,0.959,0,0,0,1,0.605,-3.17737936150662,0,0.528,0,0,0,1,0,0,3.02590119822827,130,2021,4084441
"101","Honduras",0.001873,101,0.002242,95,0.001784,98,0,0,2022,4088484,0,0,0,0,0,0,0,0,0,0,6.28540221886225,23.314631367823,0.0941675797305998,1,1,0,0,1,4,0,0.896,0,0,0,1,-1.437,-2.21025278964496,0,0.229,0,0,0,1,0,0,3.63814511231468,91,2021,4084441
"102","Paraguay",0.001872,102,0.002537,88,0.00175,101,0,0,2022,4088484,0,0,0,0,0,0,0,0,0,0,6.28540221886225,22.6930121474383,0.025834390485312,1,1,1,0,1,4,0,0.814,1,0,0,1,-0.195,-2.78423670864807,0,0.179,0,0,0,1,0,0,3.82668886803526,150,2021,4084441
"103","Cyprus",0.001775,103,0.001337,110,0.001856,96,0,0,2022,4088484,0,0,0,0,0,0,0,1,0,0,5.97727992349992,20.2552130270116,0.0365982201359693,1,1,0,0,2,4,0,0.918,0,0,0,0,1.962,-1.33639971135376,0,0.347,0,0,0,1,0,0,1.36222559751901,352,2021,4084441
"104","Saudi Arabia",0.001769,104,0.001788,103,0.001786,97,0,0,2022,4088484,0,0,0,0,0,0,0,0,1,0,6.28540221886225,25.1177846483959,0.0179718327502952,0,1,1,0,1,0,0,0.187,1,1,0,1,-1.67,-3.0338644429987,0,0.224,0.17,1,0,0,1,1,2.29666125783028,670,2021,4084441
"105","Hungary",0.001736,105,0.001433,108,0.00178,99,0.012987012987013,0,2022,4088484,1,0,0,0,0,0,0,1,0,0,6.28540221886225,23.2070979030706,0.0495850200783345,1,1,0,0,1,4,0,0.877,0,1,0,1,0.55,-1.32403118061162,0,0.232,0,0,0,1,0,1,1.66262796861504,310,2021,4084441
"106","Yugoslavia",0.001584,106,0.001309,111,0.001601,102,0.051948051948052,0,2022,4088484,1,0,0,0,0,0,0,1,0,0,6.28540221886225,22.6886103829412,0.0519845623291292,1,1,0,0,1,4,0,0.789,0,1,0,1,0.706,-1.7934312022241,0,0.396,0.004,0,0,1,0,1,2.13201127872808,345,2021,4084441
"107","Panama",0.001573,107,0.001964,98,0.001419,104,0,0,2022,4088484,0,0,0,0,0,0,0,0,0,0,6.28540221886225,22.0718829362876,0.117139231675262,1,1,0,0,1,4,0,0.923,0,0,0,1,-0.606,-2.77944622696037,0,0.612,0,0,0,1,0,0,3.54713937555323,95,2021,4084441
"108","Japan",0.001527,108,0.001265,112,0.001488,103,0,0,2022,4088484,0,0,0,0,0,0,1,0,0,0,6.28540221886225,26.8987947013298,0.00468816434558435,0,1,0,0,1,4,0,0.904,0,1,0,0,1.327,-3.88688622122078,0,0.019,0,0,0,1,0,0,1.34712156379367,740,2021,4084441
"109","Dominican Republic",0.001373,109,0.001743,105,0.001306,106,0.012987012987013,0,2022,4088484,1,0,0,0,0,0,0,0,0,0,6.28540221886225,23.4207031202896,0.0920185439918109,1,1,0,0,1,4,0,0.954,0,1,0,0,0.289,-3.21556382706917,0,0.453,0.023,0,0,1,0,0,5.02869854914982,42,2021,4084441
"110","Chile",0.001359,110,0.001751,104,0.001279,107,0.012987012987013,0,2022,4088484,1,0,0,0,0,0,0,0,0,0,6.28540221886225,24.2246250669085,0.0870682004862174,1,1,0,0,1,4,0,0.974,0,1,0,0,1.329,-2.75935180772518,0,0.439,0.099,0,0,1,0,0,2.43229573343536,155,2021,4084441
"111","Kazakhstan",0.001327,111,0.00137,109,0.001389,105,0,0,2022,4088484,0,0,0,0,0,0,0,0,0,1,5,24.2259667033046,0.0241955375424406,1,1,1,0,1,2,0,0.533,0,1,0,1,0.291,-3.18142246606417,0,0.538,0,0,1,0,0,1,2.52790714208079,705,2021,4084441
"112","United Kingdom",0.001245,112,0.001024,119,0.001269,109,0,0,2022,4088484,0,0,0,0,0,0,0,1,0,0,6.28540221886225,25.9970420282786,0.0524109344137195,0,1,0,0,1,4,0,0.971,0,1,0,0,0.749,-2.89422848469041,0,0.399,0,0,0,1,0,0,1.83032905351536,200,2021,4084441
"113","Australia",0.001171,113,0.0009724,122,0.001152,114,0,0,2022,4088484,0,0,0,0,0,0,1,0,0,0,6.28540221886225,24.630838953284,0.00349410543660911,1,1,0,0,1,4,0,0.964,0,1,0,0,0.838,-3.54633260776242,0,0.276,0,0,0,1,0,0,1.66844936837136,900,2021,4084441
"114","Spain",0.001148,114,0.0009659,123,0.001232,111,0,0,2022,4088484,0,0,0,0,0,0,0,1,0,0,6.28540221886225,25.5049138270885,0.0334560710164859,1,1,0,0,1,4,0,0.957,0,1,0,0,1.157,-2.62368617180647,0,0.669,0,0,0,1,0,0,1.55680666587945,230,2021,4084441
"115","Botswana",0.001132,115,0.001011,120,0.001025,119,0,0,2022,4088484,0,0,0,0,0,1,0,0,0,0,5.83289001416474,21.3267937314664,0.0845749449979976,0,1,0,0,1,4,0,0.802,0,1,0,0,0.351,-2.5515568144649,0,0.395,0,0,0,1,0,0,6.31438713582057,571,2021,4084441
"116","Trinidad and Tobago",0.001115,116,0.001735,106,0.0009858,120,0,0,2022,4088484,0,0,0,0,0,0,0,0,0,0,5.93073733756289,20.5460843137358,-0.0166795777806653,1,1,0,0,1,4,0,0.905,0,0,0,1,0.506,-0.683064585489423,0,0.655,0,0,0,1,0,0,3.96346886202271,52,2021,4084441
"117","Lesotho",0.00111,117,0.001103,115,0.001056,118,0,0,2022,4088484,0,0,0,0,0,1,0,0,0,0,5.83289001416474,21.1368515934966,-0.000271683422222469,1,1,0,0,1,4,0,0.858,0,1,0,0,1.097,-1.77694683154142,0,0.313,0,0,0,1,0,0,8.15685522898738,570,2021,4084441
"118","Germany",0.001098,118,0.0009629,124,0.001141,116,0,0,2022,4088484,0,0,0,0,0,0,0,1,0,0,6.28540221886225,26.3252560905327,0.0151158565633187,1,1,0,0,1,4,0,0.976,0,1,0,0,1.723,-2.32399431384552,0,0.189,0,0,0,1,0,0,1.61818034139858,255,2021,4084441
"119","Tunisia",0.001075,119,0.001063,117,0.001203,112,0,0,2022,4088484,0,0,0,0,0,0,0,0,1,0,6.06608919045777,23.5587221012254,0.0188070988246115,1,1,0,0,0,3,0,0.62,0,1,0,0,1.836,-2.1883055743648,0,0.034,0,0,0,1,0,0,3.42913661836193,616,2021,4084441
"120","France",0.001073,120,0.0008888,127,0.001237,110,0,0,2022,4088484,0,0,0,0,0,0,0,1,0,0,6.28540221886225,26.0176657202786,0.0484941978559615,1,1,0,0,1,4,0,0.95,0,1,0,0,1.038,-2.82154467845204,0,0.1,0.006,0,0,1,0,0,1.64886149039219,220,2021,4084441
"121","Gambia",0.001005,121,0.001079,116,0.0009678,122,0,0,2022,4088484,0,0,0,0,0,1,0,0,0,0,5.85798099512757,21.3677261434585,0.0375313924997089,1,1,0,0,1,4,0,0.86,0,1,0,1,0.614,-3.95748757062949,0,0.762,0,0,0,1,0,0,5.65420389970182,420,2021,4084441
"122","Italy/Sardinia",0.0009487,122,0.0008316,129,0.0009803,121,0,0,2022,4088484,0,0,0,0,0,0,0,1,0,0,6.28540221886225,25.8107069224378,0.0458722796767825,1,1,0,0,1,4,0,0.968,0,1,0,0,2.015,-2.74201474509359,0,0.11,0.001,0,0,1,0,0,1.49595074687581,325,2021,4084441
"123","East Timor",0.0009433,123,0.001177,114,0.0007795,135,0,0,2022,4088484,1,0,0,0,0,0,1,0,0,0,4.39231742277876,20.3551962186537,0.0274751712558803,0,1,0,0,2,4,0,0.863,0,1,0,0,0.578,-2.29921636630935,0,0.802,0,0,0,1,0,0,6.53236902961254,860,2021,4084441
"124","Mongolia",0.0009331,124,0.000807,130,0.0008347,129,0,0,2022,4088484,0,0,0,0,0,0,1,0,0,0,6.28540221886225,21.6964098067639,0.00305009226609539,1,1,0,0,2,4,0,0.833,0,1,0,1,-0.32,-1.71102432495011,0,0.315,0,0,0,1,0,0,3.18419341560139,712,2021,4084441
"125","Austria",0.0009226,125,0.0007187,137,0.0009215,123,0,0,2022,4088484,0,0,0,0,0,0,0,1,0,0,6.28540221886225,23.1082947294873,0.0281636571435597,1,1,0,0,1,3,0,0.876,0,1,0,0,0.674,-2.00997856021861,0,0.248,0,0,0,1,0,0,1.57736899595414,305,2021,4084441
"126","New Zealand",0.0008901,126,0.0007374,135,0.0008458,125,0,0,2022,4088484,0,0,0,0,0,0,1,0,0,0,6.28540221886225,22.2888672003699,0.0294987810348531,1,1,0,0,1,4,0,0.982,0,1,0,0,0.711,-3.46342134544621,0,0.485,0,0,0,1,0,0,1.91675727730667,920,2021,4084441
"127","Czech Republic",0.0008645,127,0.0009964,121,0.0008559,124,0,0,2022,4088484,1,0,0,0,0,0,0,1,0,0,4.90689059560852,23.3274639695104,0.0188058733874448,1,1,0,0,1,4,0,0.97,0,1,0,0,1.376,-1.65883301352934,0,0.262,0,0,0,1,0,0,1.5539636726961,316,2021,4084441
"128","Cuba",0.0008619,128,0.001048,118,0.0008357,128,0.012987012987013,0,2022,4088484,1,0,0,0,0,0,0,0,0,0,6.28540221886225,23.4185648902559,0.00168152672701884,0,1,0,0,1,2,0,0.074,0,1,1,1,2.029,-2.6565455969366,0,0.517,0,1,0,0,0,1,1.91156044234477,40,2021,4084441
"129","Netherlands",0.0008298,129,0.0007291,136,0.0008385,126,0,0,2022,4088484,0,0,0,0,0,0,0,1,0,0,6.28540221886225,24.0774978628586,0.0326890182838415,1,1,0,0,1,4,0,0.947,0,1,0,0,1.925,-1.40345596930738,0,0.354,0,0,0,1,0,0,1.76204855136387,210,2021,4084441
"130","Switzerland",0.0008241,130,0.0007099,138,0.0008202,132,0,0,2022,4088484,0,0,0,0,0,0,0,1,0,0,6.28540221886225,23.0641028049778,0.0216714612796059,0,1,0,0,1,4,0,0.972,0,1,0,0,1.21,-1.79302325223727,0,0.367,0,0,0,1,0,0,1.85956077132974,225,2021,4084441
"131","Greece",0.0008141,131,0.0006805,140,0.0008377,127,0,0,2022,4088484,0,0,0,0,0,0,0,1,0,0,6.28540221886225,23.3329984808061,0.0597477404025537,1,1,0,0,1,3,0,0.921,0,1,0,0,2.219,-2.19539998467859,0,0.167,0.030000001,0,0,1,0,0,1.65985654110506,350,2021,4084441
"132","Oman",0.0008035,132,0.0008585,128,0.000829,130,0,0,2022,4088484,0,0,0,0,0,0,0,0,1,0,6.14974711950468,22.1257495701127,0.0167530089119616,0,1,0,0,1,3,0,0.381,0,1,0,1,-0.885,-2.40176546402193,0,0.597,0,1,0,0,0,1,2.68449090476047,698,2021,4084441
"133","Belgium",0.0008034,133,0.0007034,139,0.0008227,131,0,0,2022,4088484,0,0,0,0,0,0,0,1,0,0,6.28540221886225,23.4762327357946,0.0426002729053686,1,1,0,0,1,4,0,0.957,0,1,0,0,1.867,-1.25473578233226,0,0.592,0,0,0,1,0,0,1.68559522803709,211,2021,4084441
"134","Guyana",0.0007953,134,0.001212,113,0.0007054,142,0,0,2022,4088484,0,0,0,0,0,0,0,0,0,0,5.83289001416474,19.6252914683182,0.154784732707033,1,1,0,0,1,4,0,0.854,0,0,0,1,1.051,-2.67539515013613,0,0.695,0,0,0,1,0,0,4.703275611912,110,2021,4084441
"135","Slovakia",0.0007911,135,0.0009101,126,0.0007598,138,0,0,2022,4088484,1,0,0,0,0,0,0,1,0,0,4.90689059560852,22.3729861806193,0.016164271917306,1,1,0,0,1,4,0,0.959,0,1,0,0,1.217,-1.16796196289212,0,0.241,0,0,0,1,0,0,2.13752855759064,317,2021,4084441
"136","Singapore",0.0007831,136,0.0007446,134,0.0007262,140,0,0,2022,4088484,0,0,0,0,0,0,1,0,0,0,5.85798099512757,22.4265017673211,0.0538268358187083,0,1,1,0,1,3,0,0.689,0,1,0,1,0.994,-0.368845248810374,0,0.395,0,0,0,1,0,1,1.30225079040296,830,2021,4084441
"137","Portugal",0.0007731,137,0.0006477,141,0.0007646,137,0,0,2022,4088484,0,0,0,0,0,0,0,1,0,0,6.28540221886225,23.3071650862595,0.0314206812939476,1,1,0,0,1,4,0,0.966,0,1,0,0,0.863,-2.26045781251191,0,0.22,0,0,0,1,0,0,1.43734868423012,235,2021,4084441
"138","Sweden",0.0007428,138,0.0006342,142,0.0007683,136,0,0,2022,4088484,0,0,0,0,0,0,0,1,0,0,6.28540221886225,23.3220905749461,0.0307598446791906,1,1,0,0,1,4,0,0.914,0,1,0,0,1.55,-2.25875793360468,0,0.219,0,0,0,1,0,0,1.37432794018338,380,2021,4084441
"139","Turkmenistan",0.0007317,139,0.0009524,125,0.000724,141,0,0,2022,4088484,0,0,0,0,0,0,0,0,0,1,5,22.6165600609478,-0.0364779199914561,1,1,1,0,1,0,0,0.124,0,1,0,1,-1.701,-3.92351806967985,0,0.255,0,1,0,0,1,1,5.86889857573411,701,2021,4084441
"140","Albania",0.0006954,140,0.0005272,148,0.0007991,133,0,0,2022,4088484,0,0,0,0,0,0,0,1,0,0,6.28540221886225,21.4043859134663,0.0614530026994851,1,1,0,0,1,4,0,0.841,0,1,0,0,-0.453,-2.55482359708903,0,0.139,0,0,0,1,0,1,2.56859741739734,339,2021,4084441
"141","Croatia",0.0006692,141,0.0007997,131,0.0006282,146,0,0,2022,4088484,1,0,0,0,0,0,0,1,0,0,5,21.8779251409578,0.077070590096527,1,1,0,0,1,4,0,0.863,0,1,0,1,0.646,-1.9350748814014,0,0.171,0,0,0,1,0,0,1.94281787670085,344,2021,4084441
"142","Denmark",0.0006523,142,0.0005727,144,0.0006639,143,0,0,2022,4088484,0,0,0,0,0,0,0,1,0,0,6.28540221886225,22.4930259538929,0.0298810752080393,1,1,0,0,1,4,0,0.983,0,1,0,0,1.566,-1.90895770370551,0,0.177,0,0,0,1,0,0,1.74431402915845,390,2021,4084441
"143","Qatar",0.0006027,143,0.000798,132,0.0005643,150,0,0,2022,4088484,0,0,0,0,0,0,0,0,1,0,4.90689059560852,21.3619191502096,0.00388958546713994,0,1,1,0,1,1,0,0.103,1,1,0,1,-1.817,-2.41658299068676,0,0.708,0,1,0,0,0,1,2.15385341022209,694,2021,4084441
"144","Finland",0.0005925,144,0.0005409,146,0.0006302,145,0,0,2022,4088484,0,0,0,0,0,0,0,1,0,0,6.28540221886225,22.4058436551634,0.0198872889877842,1,1,0,0,1,4,0,0.971,0,1,0,0,2.395,-2.42534197445055,0,0.138,0,0,0,1,0,0,1.31779473993738,375,2021,4084441
"145","Norway",0.0005905,145,0.0005343,147,0.0006033,148,0,0,2022,4088484,0,0,0,0,0,0,0,1,0,0,6.28540221886225,22.3797101882845,0.0235614606345618,1,1,0,0,1,4,0,0.913,0,1,0,0,2.604,-2.59845016280665,0,0.151,0,0,0,1,0,0,1.2787204618485,385,2021,4084441
"146","Ireland",0.0005845,146,0.000498,150,0.0005953,149,0,0,2022,4088484,0,0,0,0,0,0,0,1,0,0,6.28540221886225,22.2783802602692,0.101912152968199,1,1,0,0,1,4,0,0.978,0,1,0,0,1.611,-0.931347331194198,0,0.174,0,0,0,1,0,0,1.60769759339807,205,2021,4084441
"147","Belarus (Byelorussia)",0.0005787,147,0.0004227,152,0.000611,147,0,0,2022,4088484,0,0,0,0,0,0,0,1,0,0,5,23.1345662301976,0.0119521450100181,1,1,0,0,1,2,0,0.023,0,1,1,0,0.798,-1.9908215818408,0,0.309,0.031,0,0,1,0,1,1.31335112427233,370,2021,4084441
"148","Equatorial Guinea",0.0004769,148,0.0005642,145,0.0005244,151,0,0,2022,4088484,0,0,0,0,0,1,0,0,0,0,4.4594316186373,20.6756504221549,-0.0163523037340049,1,1,1,0,1,3,0,0.287,0,1,1,1,-1.189,-2.26528726636413,0,0.35,0.115,0,1,0,1,1,7.44236505135549,411,2021,4084441
"149","Bolivia",0.0004513,149,0.0007842,133,0.0004126,152,0,0,2022,4088484,0,0,0,0,0,0,0,0,0,0,6.28540221886225,23.5432260950064,0.0414612702405332,1,1,0,0,1,4,0,0.787,0,1,0,1,1.882,-3.14115475140969,0,0.572,0,0,0,1,0,1,4.20318823861915,145,2021,4084441
"150","Costa Rica",0.0004092,150,0.0005968,143,0.0003804,153,0,0,2022,4088484,0,0,0,0,0,0,0,0,0,0,6.28540221886225,22.3047515356716,0.0535448082391972,1,1,0,0,1,4,0,0.962,0,1,0,0,0.594,-2.65662367631004,0,0.398,0,0,0,1,0,0,2.67811441818399,94,2021,4084441
"151","Uruguay",0.0003514,151,0.0005206,149,0.0003297,155,0,0,2022,4088484,0,0,0,0,0,0,0,0,0,0,6.28540221886225,21.7067430360448,0.0272046894289774,1,1,0,0,1,4,0,0.893,0,1,0,0,1.122,-3.19119847690122,0,0.176,0,0,0,1,0,0,2.24773311206243,165,2021,4084441
"152","Macedonia (Former Yugoslav Republic of)",0.0003041,152,0.0003857,153,0.000276,158,0,0,2022,4088484,0,0,0,0,0,0,0,1,0,0,5,20.9725865072273,0.036543541028518,1,1,0,0,1,4,0,0.765,0,1,0,1,-0.461,-1.44966758450066,0,0.562,0,0,0,1,0,0,2.46469530545742,343,2021,4084441
"153","Moldova",0.0003006,153,0.0003553,155,0.00117,113,0,0,2022,4088484,0,0,0,0,0,0,0,1,0,0,5,21.3058997590828,0.105732380084928,1,1,0,0,1,4,0,0.888,0,1,0,0,0.777,-2.13740448283694,0,0.427,0,0,0,1,0,0,3.38778972516507,359,2021,4084441
"154","Armenia",0.0002936,154,0.0003541,156,0.000271,159,0,0,2022,4088484,0,0,0,0,0,0,0,1,0,0,5,21.4068968216635,0.0381340345434946,1,1,0,0,1,4,0,0.907,0,1,0,0,0.558,-2.32710259525143,0,0.045,0,0,0,1,0,1,2.99215247232515,371,2021,4084441
"155","Lithuania",0.0002892,155,0.0003473,157,0.000277,157,0,0,2022,4088484,0,0,0,0,0,0,0,1,0,0,5,21.4338991710402,0.0324233566097456,1,1,0,0,1,4,0,0.829,0,1,0,0,1.147,-1.39215353709282,0,0.284,0,0,0,1,0,0,1.61306275202537,368,2021,4084441
"156","Jamaica",0.0002867,156,0.000482,151,0.001071,117,0,0,2022,4088484,0,0,0,0,0,0,0,0,0,0,5.93073733756289,21.4310328330265,0.0291150070714782,1,1,0,0,1,4,0,0.967,0,1,0,0,0.924,-2.79881500481037,0,0.21,0,0,0,1,0,0,3.32522658138724,51,2021,4084441
"157","Latvia",0.0002719,157,0.0003432,158,0.0002829,156,0,0,2022,4088484,0,0,0,0,0,0,0,1,0,0,5,20.8448919178697,0.0281482935880445,1,1,0,0,1,4,0,0.974,0,1,0,0,1.217,-1.69412411827667,0,0.547,0,0,0,1,0,0,1.62714012037374,367,2021,4084441
"158","Solomon Islands",0.0002472,158,0.0003392,159,0.0002091,163,0,0,2022,4088484,0,0,0,0,0,0,1,0,0,0,4.4594316186373,19.466174068857,-0.0100543014041229,0,1,0,0,1,4,0,0.857,0,1,0,0,-0.117,-2.78683774522746,0,0.097,0,0,0,1,0,1,3.91477439582461,940,2021,4084441
"159","Estonia",0.0002396,159,0.0002923,161,0.0002197,161,0,0,2022,4088484,0,0,0,0,0,0,0,1,0,0,5,20.3589258691547,0.0598572118002807,1,1,0,0,1,4,0,0.874,0,1,0,0,1.437,-1.44270185094262,0,0.458,0,0,0,1,0,0,1.16318421234224,366,2021,4084441
"160","Slovenia",0.0002372,160,0.0003016,160,0.0002615,160,0,0,2022,4088484,0,0,0,0,0,0,0,1,0,0,5,21.007944323138,0.0579312761984959,1,1,0,0,1,4,0,0.955,0,1,0,0,1.769,-1.37402785281689,0,0.258,0,0,0,1,0,1,1.29717066457385,349,2021,4084441
"161","Maldives",0.0001912,161,0.0003723,154,0.001144,115,0,0,2022,4088484,0,0,0,0,0,0,1,0,0,0,2,18.9986207279621,0.333671990932314,1,1,0,0,1,0,0,0.775,0,0,0,1,0.431,-1.73163628103308,0,0.059,0,0,0,1,0,0,2.18719172992036,781,2021,4084441
"162","Kosovo",0.000167,162,0.000253,163,0.0001429,164,0,0,2022,4088484,0,0,0,0,0,0,0,1,0,0,3.90689059560852,20.7487702117904,0.0795035888053867,0,1,0,0,1,4,0,0.856,0,1,0,0,-0.704,-2.16054997163975,0,0.22,0,0,0,1,0,0,2.94022871315813,347,2021,4084441
"163","Montenegro",0.000138,163,0.0002144,164,0.0001242,165,0,0,2022,4088484,0,0,0,0,0,0,0,1,0,0,4.08746284125034,19.2329431612532,0.093349824258899,1,1,0,0,1,3,0,0.894,0,1,0,0,1.803,-1.90088237464671,0,0.7,0.01,0,0,1,0,0,1.2989883382584,341,2021,4084441
"164","Luxembourg",0.0001056,164,0.0001937,165,8.857e-05,166,0,0,2022,4088484,0,0,0,0,0,0,0,1,0,0,3.70043971814109,19.3117970874319,0.033234697503867,1,1,0,0,2,4,0,0.956,0,1,0,0,1.756,-0.158416246720117,0,0.53,0,0,0,1,0,0,1.49150421428346,212,2021,4084441
"165","Surinam",0.0001033,165,0.0002834,162,0.0003556,154,0,0,2022,4088484,0,0,0,0,0,0,0,0,0,0,4.32192809488736,19.2373406878644,-0.0309813870691111,1,1,0,0,1,4,0,0.926,0,1,0,0,0.745,0.0563043753109875,0,0.73,0,0,0,1,0,0,3.87558398692302,115,2021,4084441
"166","Malta",2.979e-05,166,8.883e-05,166,0.0002196,162,0,0,2022,4088484,0,0,0,0,0,0,0,1,0,0,2,18.9976012567085,0.0881970413687232,1,1,0,0,1,4,0,0.892,0,1,0,0,1.419,-0.427706215030029,0,0.04,0,0,0,1,0,0,2.23608435737579,338,2021,4084441
